order_id,customer_id,product_id,store_id,order_date,quantity,unit_price,discount,payment_status,order_status,delivery_date
ORD_00001,CUST_081,PROD_BEA_003,STORE_FRANCE,2024-06-02,1,60.35,12.07,Completed,Cancelled,
ORD_00002,CUST_017,PROD_BOO_001,STORE_FRANCE,2024-02-06,5,149.49,74.75,Completed,Delivered,2024-02-09
ORD_00003,CUST_070,PROD_GRO_004,STORE_BRAZIL,2024-08-03,1,383.79,0.0,Completed,Shipped,2024-08-07
ORD_00004,CUST_096,PROD_GRO_002,STORE_CANADA,2024-06-30,1,363.83,0.0,Completed,Cancelled,
ORD_00005,CUST_093,PROD_HOM_001,STORE_BRAZIL,2024-03-17,1,476.49,47.65,Completed,Delivered,2024-03-23
ORD_00006,CUST_016,PROD_HOM_005,STORE_JAPAN,2025-01-25,5,437.26,109.31,Failed,Cancelled,
ORD_00007,CUST_049,PROD_GRO_004,STORE_CANADA,2025-01-28,1,383.79,38.38,Completed,Processing,
ORD_00008,CUST_072,PROD_GRO_001,STORE_MEXICO,2023-10-21,5,199.7,0.0,Pending,Cancelled,
ORD_00009,CUST_039,PROD_HOM_002,STORE_CANADA,2023-07-30,1,69.14,0.0,Completed,Shipped,2023-08-01
ORD_00010,CUST_013,PROD_ELE_001,STORE_BRAZIL,2023-07-25,2,47.04,9.41,Completed,Cancelled,
ORD_00011,CUST_096,PROD_SPO_005,STORE_AUSTRALIA,2024-10-30,5,467.79,0.0,Pending,Cancelled,
ORD_00012,CUST_013,PROD_SPO_002,STORE_MEXICO,2024-04-29,1,123.75,0.0,Completed,Delivered,2024-05-04
ORD_00013,CUST_057,PROD_ELE_001,STORE_JAPAN,2023-06-18,5,47.04,11.76,Failed,Cancelled,
ORD_00014,CUST_083,PROD_GRO_003,STORE_USA,2024-04-19,1,157.05,0.0,Completed,Shipped,2024-04-21
ORD_00015,CUST_085,PROD_CLO_004,STORE_MEXICO,2023-03-30,1,198.66,9.93,Completed,Delivered,2023-04-05
ORD_00016,CUST_027,PROD_BEA_005,STORE_BRAZIL,2023-10-07,3,149.64,0.0,Completed,Delivered,2023-10-10
ORD_00017,CUST_077,PROD_BEA_001,STORE_FRANCE,2023-08-04,1,373.91,74.78,Completed,Delivered,2023-08-06
ORD_00018,CUST_085,PROD_BEA_002,STORE_UK,2023-03-24,1,373.48,0.0,Failed,Cancelled,
ORD_00019,CUST_042,PROD_BEA_002,STORE_UK,2023-12-05,1,373.48,0.0,Pending,Processing,
ORD_00020,CUST_015,PROD_BEA_005,STORE_INDIA,2024-06-10,1,149.64,29.93,Failed,Cancelled,
ORD_00021,CUST_014,PROD_HOM_004,STORE_BRAZIL,2023-10-21,3,385.66,0.0,Failed,Cancelled,
ORD_00022,CUST_039,PROD_HOM_005,STORE_USA,2023-05-10,2,437.26,87.45,Pending,Cancelled,
ORD_00023,CUST_014,PROD_SPO_002,STORE_INDIA,2023-05-23,1,123.75,6.19,Failed,Cancelled,
ORD_00024,CUST_019,PROD_BEA_005,STORE_UK,2023-12-15,3,149.64,89.78,Failed,Cancelled,
ORD_00025,CUST_092,PROD_GRO_001,STORE_AUSTRALIA,2024-11-09,3,199.7,29.95,Pending,Processing,
ORD_00026,CUST_078,PROD_HOM_003,STORE_CANADA,2025-02-24,1,439.96,87.99,Completed,Shipped,2025-03-01
ORD_00027,CUST_030,PROD_HOM_002,STORE_JAPAN,2024-06-15,2,69.14,13.83,Completed,Delivered,2024-06-20
ORD_00028,CUST_041,PROD_ELE_002,STORE_JAPAN,2023-08-12,5,256.63,128.31,Completed,Delivered,2023-08-14
ORD_00029,CUST_012,PROD_HOM_003,STORE_CANADA,2024-03-24,1,439.96,87.99,Completed,Processing,
ORD_00030,CUST_072,PROD_TOY_001,STORE_JAPAN,2025-01-23,1,107.16,10.72,Completed,Cancelled,
ORD_00031,CUST_097,PROD_HOM_003,STORE_USA,2023-12-28,3,439.96,65.99,Completed,Delivered,2024-01-03
ORD_00032,CUST_065,PROD_CLO_004,STORE_UK,2025-01-09,2,198.66,0.0,Completed,Delivered,2025-01-15
ORD_00033,CUST_048,PROD_BOO_003,STORE_FRANCE,2024-10-16,1,368.19,36.82,Failed,Cancelled,
ORD_00034,CUST_099,PROD_TOY_005,STORE_MEXICO,2025-01-28,5,238.91,238.91,Completed,Processing,
ORD_00035,CUST_085,PROD_ELE_003,STORE_USA,2023-09-09,1,134.37,6.72,Completed,Delivered,2023-09-11
ORD_00036,CUST_024,PROD_BOO_005,STORE_MEXICO,2025-01-10,2,48.66,0.0,Completed,Cancelled,
ORD_00037,CUST_082,PROD_BEA_002,STORE_CANADA,2024-09-02,1,373.48,37.35,Pending,Shipped,2024-09-06
ORD_00038,CUST_021,PROD_GRO_004,STORE_FRANCE,2024-02-04,3,383.79,230.27,Completed,Delivered,2024-02-07
ORD_00039,CUST_021,PROD_TOY_005,STORE_USA,2025-01-27,1,238.91,11.95,Pending,Cancelled,
ORD_00040,CUST_055,PROD_SPO_002,STORE_MEXICO,2024-06-03,2,123.75,12.38,Completed,Processing,
ORD_00041,CUST_015,PROD_GRO_003,STORE_AUSTRALIA,2023-06-30,1,157.05,31.41,Pending,Processing,
ORD_00042,CUST_086,PROD_ELE_005,STORE_USA,2023-10-20,2,431.77,172.71,Completed,Delivered,2023-10-23
ORD_00043,CUST_039,PROD_CLO_004,STORE_UK,2023-11-25,1,198.66,9.93,Completed,Delivered,2023-11-30
ORD_00044,CUST_096,PROD_HOM_003,STORE_UK,2023-07-19,2,439.96,175.98,Completed,Processing,
ORD_00045,CUST_072,PROD_GRO_003,STORE_CANADA,2024-04-18,5,157.05,0.0,Pending,Delivered,2024-04-23
ORD_00046,CUST_010,PROD_GRO_001,STORE_MEXICO,2024-05-21,3,199.7,59.91,Pending,Delivered,2024-05-23
ORD_00047,CUST_052,PROD_BEA_002,STORE_JAPAN,2023-08-31,3,373.48,112.04,Completed,Delivered,2023-09-05
ORD_00048,CUST_014,PROD_ELE_001,STORE_AUSTRALIA,2024-11-01,2,47.04,18.82,Completed,Shipped,2024-11-05
ORD_00049,CUST_096,PROD_GRO_002,STORE_GERMANY,2024-02-13,1,363.83,0.0,Failed,Cancelled,
ORD_00050,CUST_082,PROD_BOO_003,STORE_BRAZIL,2024-08-12,1,368.19,18.41,Completed,Cancelled,
ORD_00051,CUST_083,PROD_BOO_005,STORE_GERMANY,2023-06-22,1,48.66,2.43,Completed,Delivered,2023-06-28
ORD_00052,CUST_020,PROD_BEA_005,STORE_UK,2024-12-11,2,149.64,29.93,Failed,Cancelled,
ORD_00053,CUST_098,PROD_TOY_003,STORE_INDIA,2025-02-03,3,209.87,125.92,Completed,Cancelled,
ORD_00054,CUST_041,PROD_BOO_005,STORE_INDIA,2023-05-17,2,48.66,9.73,Completed,Delivered,2023-05-23
ORD_00055,CUST_008,PROD_GRO_003,STORE_BRAZIL,2023-05-23,1,157.05,15.71,Pending,Delivered,2023-05-25
ORD_00056,CUST_048,PROD_ELE_004,STORE_CANADA,2024-12-28,1,121.15,24.23,Failed,Cancelled,
ORD_00057,CUST_065,PROD_GRO_005,STORE_INDIA,2024-10-23,3,260.71,0.0,Pending,Processing,
ORD_00058,CUST_084,PROD_CLO_003,STORE_JAPAN,2024-11-17,2,322.33,128.93,Completed,Delivered,2024-11-22
ORD_00059,CUST_014,PROD_GRO_002,STORE_CANADA,2024-08-06,5,363.83,0.0,Completed,Delivered,2024-08-13
ORD_00060,CUST_057,PROD_HOM_004,STORE_BRAZIL,2024-08-25,3,385.66,0.0,Completed,Delivered,2024-08-29
ORD_00061,CUST_050,PROD_HOM_002,STORE_JAPAN,2025-02-01,3,69.14,0.0,Completed,Delivered,2025-02-05
ORD_00062,CUST_013,PROD_TOY_001,STORE_AUSTRALIA,2023-12-24,1,107.16,21.43,Completed,Delivered,2023-12-26
ORD_00063,CUST_075,PROD_BOO_005,STORE_JAPAN,2024-01-20,5,48.66,24.33,Completed,Processing,
ORD_00064,CUST_091,PROD_BOO_001,STORE_FRANCE,2024-10-01,2,149.49,14.95,Completed,Cancelled,
ORD_00065,CUST_090,PROD_SPO_004,STORE_CANADA,2024-12-29,5,49.29,24.65,Failed,Cancelled,
ORD_00066,CUST_047,PROD_BEA_002,STORE_JAPAN,2024-01-19,1,373.48,0.0,Completed,Shipped,2024-01-22
ORD_00067,CUST_029,PROD_BOO_004,STORE_UK,2023-05-27,1,156.9,0.0,Failed,Cancelled,
ORD_00068,CUST_099,PROD_SPO_005,STORE_BRAZIL,2023-04-16,5,467.79,116.95,Failed,Cancelled,
ORD_00069,CUST_017,PROD_TOY_004,STORE_AUSTRALIA,2023-08-13,1,107.06,0.0,Failed,Cancelled,
ORD_00070,CUST_022,PROD_HOM_004,STORE_USA,2024-05-02,1,385.66,0.0,Pending,Processing,
ORD_00071,CUST_037,PROD_HOM_004,STORE_GERMANY,2024-09-05,1,385.66,19.28,Pending,Delivered,2024-09-09
ORD_00072,CUST_087,PROD_TOY_002,STORE_INDIA,2024-06-23,1,213.97,21.4,Failed,Cancelled,
ORD_00073,CUST_068,PROD_HOM_002,STORE_UK,2023-09-29,3,69.14,0.0,Completed,Delivered,2023-10-06
ORD_00074,CUST_062,PROD_GRO_004,STORE_BRAZIL,2023-06-22,5,383.79,383.79,Completed,Delivered,2023-06-24
ORD_00075,CUST_098,PROD_CLO_001,STORE_FRANCE,2024-06-11,3,434.38,0.0,Pending,Delivered,2024-06-14
ORD_00076,CUST_058,PROD_GRO_003,STORE_USA,2024-05-06,1,157.05,15.71,Failed,Cancelled,
ORD_00077,CUST_048,PROD_ELE_001,STORE_AUSTRALIA,2023-05-31,1,47.04,0.0,Completed,Delivered,2023-06-02
ORD_00078,CUST_092,PROD_GRO_002,STORE_UK,2023-07-27,1,363.83,18.19,Pending,Cancelled,
ORD_00079,CUST_018,PROD_SPO_001,STORE_INDIA,2024-11-28,1,496.65,0.0,Completed,Delivered,2024-12-01
ORD_00080,CUST_020,PROD_TOY_001,STORE_MEXICO,2024-08-30,2,107.16,0.0,Completed,Delivered,2024-09-03
ORD_00081,CUST_016,PROD_BEA_004,STORE_GERMANY,2024-05-11,5,329.54,329.54,Pending,Delivered,2024-05-13
ORD_00082,CUST_064,PROD_TOY_004,STORE_BRAZIL,2023-03-25,5,107.06,107.06,Failed,Cancelled,
ORD_00083,CUST_031,PROD_BOO_005,STORE_FRANCE,2024-05-21,1,48.66,9.73,Completed,Delivered,2024-05-27
ORD_00084,CUST_054,PROD_CLO_002,STORE_CANADA,2024-08-26,1,194.17,0.0,Failed,Cancelled,
ORD_00085,CUST_070,PROD_SPO_003,STORE_BRAZIL,2024-09-26,1,49.36,4.94,Pending,Delivered,2024-10-03
ORD_00086,CUST_050,PROD_GRO_004,STORE_FRANCE,2023-03-25,1,383.79,0.0,Completed,Delivered,2023-04-01
ORD_00087,CUST_085,PROD_BOO_002,STORE_MEXICO,2024-02-12,1,198.88,0.0,Completed,Processing,
ORD_00088,CUST_044,PROD_CLO_002,STORE_INDIA,2025-02-18,2,194.17,0.0,Completed,Delivered,2025-02-25
ORD_00089,CUST_100,PROD_HOM_005,STORE_USA,2024-01-03,1,437.26,0.0,Completed,Delivered,2024-01-07
ORD_00090,CUST_040,PROD_SPO_003,STORE_AUSTRALIA,2024-09-15,2,49.36,4.94,Completed,Cancelled,
ORD_00091,CUST_025,PROD_ELE_004,STORE_JAPAN,2023-04-26,5,121.15,30.29,Completed,Delivered,2023-04-30
ORD_00092,CUST_056,PROD_HOM_001,STORE_INDIA,2024-04-07,1,476.49,0.0,Pending,Cancelled,
ORD_00093,CUST_064,PROD_GRO_004,STORE_BRAZIL,2023-12-07,1,383.79,38.38,Completed,Shipped,2023-12-13
ORD_00094,CUST_024,PROD_SPO_005,STORE_FRANCE,2024-01-31,1,467.79,0.0,Completed,Cancelled,
ORD_00095,CUST_038,PROD_ELE_005,STORE_INDIA,2024-11-15,5,431.77,215.88,Completed,Cancelled,
ORD_00096,CUST_057,PROD_GRO_003,STORE_INDIA,2023-04-21,5,157.05,39.26,Failed,Cancelled,
ORD_00097,CUST_056,PROD_ELE_003,STORE_USA,2023-05-24,5,134.37,67.19,Completed,Processing,
ORD_00098,CUST_096,PROD_CLO_001,STORE_USA,2023-08-02,3,434.38,130.31,Completed,Delivered,2023-08-04
ORD_00099,CUST_031,PROD_GRO_004,STORE_JAPAN,2024-04-04,3,383.79,0.0,Failed,Cancelled,
ORD_00100,CUST_020,PROD_HOM_004,STORE_JAPAN,2024-03-23,2,385.66,0.0,Failed,Cancelled,
ORD_00101,CUST_018,PROD_SPO_004,STORE_JAPAN,2024-04-19,1,49.29,2.46,Completed,Delivered,2024-04-21
ORD_00102,CUST_095,PROD_CLO_002,STORE_INDIA,2024-08-20,2,194.17,77.67,Completed,Delivered,2024-08-24
ORD_00103,CUST_091,PROD_HOM_004,STORE_GERMANY,2024-11-24,1,385.66,38.57,Completed,Delivered,2024-11-27
ORD_00104,CUST_010,PROD_HOM_004,STORE_UK,2025-03-08,2,385.66,0.0,Completed,Cancelled,
ORD_00105,CUST_045,PROD_BEA_005,STORE_BRAZIL,2024-09-14,1,149.64,7.48,Completed,Cancelled,
ORD_00106,CUST_091,PROD_CLO_002,STORE_JAPAN,2024-08-10,1,194.17,0.0,Completed,Delivered,2024-08-13
ORD_00107,CUST_064,PROD_BEA_002,STORE_JAPAN,2024-09-26,3,373.48,56.02,Pending,Processing,
ORD_00108,CUST_017,PROD_TOY_005,STORE_CANADA,2023-05-15,1,238.91,23.89,Pending,Processing,
ORD_00109,CUST_053,PROD_HOM_002,STORE_MEXICO,2023-05-23,1,69.14,3.46,Completed,Shipped,2023-05-28
ORD_00110,CUST_088,PROD_SPO_004,STORE_JAPAN,2023-07-18,3,49.29,29.57,Completed,Delivered,2023-07-23
ORD_00111,CUST_065,PROD_BEA_004,STORE_CANADA,2024-08-20,1,329.54,16.48,Completed,Delivered,2024-08-24
ORD_00112,CUST_091,PROD_CLO_005,STORE_JAPAN,2024-08-21,1,125.86,0.0,Completed,Delivered,2024-08-28
ORD_00113,CUST_071,PROD_ELE_003,STORE_UK,2024-12-08,1,134.37,26.87,Failed,Cancelled,
ORD_00114,CUST_012,PROD_SPO_003,STORE_UK,2024-11-04,3,49.36,0.0,Completed,Cancelled,
ORD_00115,CUST_080,PROD_TOY_004,STORE_JAPAN,2024-10-06,1,107.06,0.0,Completed,Delivered,2024-10-13
ORD_00116,CUST_099,PROD_TOY_002,STORE_FRANCE,2025-01-03,1,213.97,42.79,Pending,Processing,
ORD_00117,CUST_082,PROD_BEA_002,STORE_INDIA,2024-12-10,3,373.48,56.02,Completed,Shipped,2024-12-13
ORD_00118,CUST_088,PROD_HOM_001,STORE_FRANCE,2024-06-15,1,476.49,0.0,Completed,Shipped,2024-06-20
ORD_00119,CUST_062,PROD_HOM_005,STORE_GERMANY,2024-02-20,3,437.26,0.0,Completed,Cancelled,
ORD_00120,CUST_041,PROD_GRO_003,STORE_AUSTRALIA,2023-07-20,1,157.05,31.41,Failed,Cancelled,
ORD_00121,CUST_014,PROD_GRO_001,STORE_GERMANY,2024-06-28,1,199.7,9.98,Pending,Delivered,2024-07-01
ORD_00122,CUST_013,PROD_BEA_004,STORE_FRANCE,2024-04-05,3,329.54,98.86,Completed,Delivered,2024-04-09
ORD_00123,CUST_074,PROD_GRO_001,STORE_GERMANY,2023-08-19,2,199.7,79.88,Pending,Shipped,2023-08-23
ORD_00124,CUST_064,PROD_BEA_002,STORE_CANADA,2024-04-14,3,373.48,112.04,Completed,Delivered,2024-04-20
ORD_00125,CUST_046,PROD_BEA_004,STORE_USA,2023-12-22,2,329.54,131.82,Pending,Delivered,2023-12-28
ORD_00126,CUST_002,PROD_BOO_002,STORE_AUSTRALIA,2023-07-24,1,198.88,9.94,Pending,Delivered,2023-07-26
ORD_00127,CUST_052,PROD_BEA_004,STORE_MEXICO,2024-10-04,1,329.54,16.48,Failed,Cancelled,
ORD_00128,CUST_037,PROD_BEA_005,STORE_AUSTRALIA,2024-08-06,2,149.64,59.86,Completed,Processing,
ORD_00129,CUST_088,PROD_TOY_005,STORE_CANADA,2023-07-18,1,238.91,23.89,Completed,Delivered,2023-07-24
ORD_00130,CUST_047,PROD_BOO_005,STORE_GERMANY,2024-11-14,3,48.66,14.6,Failed,Cancelled,
ORD_00131,CUST_006,PROD_BEA_003,STORE_USA,2023-07-27,5,60.35,15.09,Pending,Processing,
ORD_00132,CUST_059,PROD_BOO_005,STORE_MEXICO,2024-08-17,1,48.66,2.43,Failed,Cancelled,
ORD_00133,CUST_041,PROD_CLO_001,STORE_AUSTRALIA,2024-11-29,5,434.38,108.59,Failed,Cancelled,
ORD_00134,CUST_044,PROD_SPO_003,STORE_BRAZIL,2024-09-04,2,49.36,19.74,Completed,Shipped,2024-09-06
ORD_00135,CUST_048,PROD_GRO_002,STORE_CANADA,2024-05-08,3,363.83,54.57,Completed,Processing,
ORD_00136,CUST_061,PROD_ELE_002,STORE_MEXICO,2024-10-20,1,256.63,0.0,Failed,Cancelled,
ORD_00137,CUST_062,PROD_CLO_001,STORE_BRAZIL,2024-12-12,5,434.38,434.38,Pending,Delivered,2024-12-19
ORD_00138,CUST_032,PROD_BEA_003,STORE_MEXICO,2025-02-23,1,60.35,0.0,Completed,Shipped,2025-02-27
ORD_00139,CUST_054,PROD_BOO_005,STORE_AUSTRALIA,2025-02-13,1,48.66,4.87,Failed,Cancelled,
ORD_00140,CUST_100,PROD_TOY_005,STORE_INDIA,2023-05-11,5,238.91,0.0,Failed,Cancelled,
ORD_00141,CUST_027,PROD_TOY_001,STORE_JAPAN,2025-01-15,2,107.16,42.86,Pending,Delivered,2025-01-18
ORD_00142,CUST_059,PROD_SPO_005,STORE_JAPAN,2024-09-18,1,467.79,23.39,Failed,Cancelled,
ORD_00143,CUST_062,PROD_CLO_003,STORE_GERMANY,2023-12-19,3,322.33,48.35,Completed,Delivered,2023-12-23
ORD_00144,CUST_091,PROD_CLO_004,STORE_INDIA,2024-01-27,2,198.66,19.87,Failed,Cancelled,
ORD_00145,CUST_093,PROD_ELE_003,STORE_FRANCE,2023-07-11,3,134.37,80.62,Pending,Shipped,2023-07-15
ORD_00146,CUST_099,PROD_BOO_005,STORE_FRANCE,2023-04-21,1,48.66,0.0,Completed,Shipped,2023-04-28
ORD_00147,CUST_033,PROD_SPO_001,STORE_GERMANY,2023-10-01,3,496.65,74.5,Failed,Cancelled,
ORD_00148,CUST_090,PROD_ELE_003,STORE_UK,2023-06-28,3,134.37,80.62,Completed,Delivered,2023-06-30
ORD_00149,CUST_086,PROD_SPO_004,STORE_GERMANY,2024-12-21,1,49.29,0.0,Completed,Shipped,2024-12-25
ORD_00150,CUST_092,PROD_SPO_001,STORE_CANADA,2025-02-03,1,496.65,0.0,Failed,Cancelled,
ORD_00151,CUST_021,PROD_HOM_002,STORE_INDIA,2024-07-09,5,69.14,0.0,Completed,Delivered,2024-07-13
ORD_00152,CUST_083,PROD_BEA_004,STORE_CANADA,2025-01-04,3,329.54,0.0,Failed,Cancelled,
ORD_00153,CUST_095,PROD_BEA_003,STORE_UK,2024-05-09,1,60.35,0.0,Pending,Shipped,2024-05-12
ORD_00154,CUST_096,PROD_ELE_004,STORE_USA,2023-03-18,1,121.15,24.23,Failed,Cancelled,
ORD_00155,CUST_014,PROD_GRO_002,STORE_FRANCE,2024-06-16,5,363.83,363.83,Failed,Cancelled,
ORD_00156,CUST_064,PROD_BOO_004,STORE_BRAZIL,2024-06-30,1,156.9,0.0,Completed,Delivered,2024-07-03
ORD_00157,CUST_094,PROD_HOM_005,STORE_FRANCE,2023-09-15,1,437.26,21.86,Completed,Processing,
ORD_00158,CUST_087,PROD_CLO_003,STORE_UK,2024-11-23,5,322.33,161.16,Pending,Processing,
ORD_00159,CUST_042,PROD_BOO_001,STORE_AUSTRALIA,2025-01-22,1,149.49,0.0,Completed,Shipped,2025-01-26
ORD_00160,CUST_032,PROD_BEA_001,STORE_FRANCE,2024-04-04,1,373.91,37.39,Completed,Delivered,2024-04-08
ORD_00161,CUST_075,PROD_TOY_002,STORE_USA,2023-12-01,5,213.97,53.49,Completed,Delivered,2023-12-08
ORD_00162,CUST_016,PROD_HOM_005,STORE_FRANCE,2023-08-19,2,437.26,174.9,Completed,Cancelled,
ORD_00163,CUST_016,PROD_ELE_004,STORE_JAPAN,2024-11-27,1,121.15,0.0,Completed,Shipped,2024-11-30
ORD_00164,CUST_059,PROD_TOY_004,STORE_JAPAN,2024-05-07,5,107.06,107.06,Pending,Processing,
ORD_00165,CUST_086,PROD_CLO_004,STORE_GERMANY,2025-02-02,3,198.66,0.0,Failed,Cancelled,
ORD_00166,CUST_058,PROD_SPO_004,STORE_JAPAN,2023-05-27,3,49.29,0.0,Completed,Processing,
ORD_00167,CUST_065,PROD_CLO_003,STORE_MEXICO,2024-09-08,1,322.33,0.0,Completed,Processing,
ORD_00168,CUST_057,PROD_BOO_003,STORE_GERMANY,2024-10-26,2,368.19,0.0,Failed,Cancelled,
ORD_00169,CUST_058,PROD_BEA_004,STORE_INDIA,2023-07-22,3,329.54,98.86,Pending,Processing,
ORD_00170,CUST_008,PROD_TOY_001,STORE_INDIA,2025-01-25,1,107.16,0.0,Pending,Delivered,2025-01-27
ORD_00171,CUST_096,PROD_CLO_004,STORE_MEXICO,2023-05-22,1,198.66,19.87,Completed,Cancelled,
ORD_00172,CUST_009,PROD_SPO_005,STORE_USA,2023-05-18,2,467.79,0.0,Completed,Shipped,2023-05-21
ORD_00173,CUST_099,PROD_BOO_004,STORE_AUSTRALIA,2024-03-26,2,156.9,31.38,Pending,Shipped,2024-03-28
ORD_00174,CUST_088,PROD_SPO_005,STORE_UK,2025-01-06,1,467.79,0.0,Completed,Processing,
ORD_00175,CUST_051,PROD_SPO_004,STORE_UK,2023-10-23,1,49.29,0.0,Completed,Shipped,2023-10-30
ORD_00176,CUST_093,PROD_SPO_005,STORE_AUSTRALIA,2024-09-03,2,467.79,0.0,Completed,Shipped,2024-09-07
ORD_00177,CUST_020,PROD_ELE_003,STORE_GERMANY,2023-07-02,1,134.37,13.44,Failed,Cancelled,
ORD_00178,CUST_099,PROD_BEA_002,STORE_GERMANY,2023-10-06,1,373.48,0.0,Failed,Cancelled,
ORD_00179,CUST_005,PROD_HOM_004,STORE_MEXICO,2025-01-25,5,385.66,0.0,Completed,Cancelled,
ORD_00180,CUST_006,PROD_HOM_001,STORE_INDIA,2023-11-03,3,476.49,0.0,Completed,Delivered,2023-11-09
ORD_00181,CUST_038,PROD_CLO_005,STORE_MEXICO,2024-01-29,3,125.86,75.52,Completed,Delivered,2024-02-02
ORD_00182,CUST_019,PROD_SPO_004,STORE_GERMANY,2024-05-05,1,49.29,2.46,Completed,Processing,
ORD_00183,CUST_076,PROD_CLO_002,STORE_AUSTRALIA,2024-09-28,2,194.17,0.0,Completed,Cancelled,
ORD_00184,CUST_086,PROD_GRO_005,STORE_BRAZIL,2024-01-29,5,260.71,130.35,Pending,Delivered,2024-02-02
ORD_00185,CUST_049,PROD_CLO_002,STORE_BRAZIL,2024-07-05,1,194.17,0.0,Completed,Cancelled,
ORD_00186,CUST_019,PROD_HOM_005,STORE_USA,2024-10-04,2,437.26,87.45,Failed,Cancelled,
ORD_00187,CUST_068,PROD_BOO_004,STORE_AUSTRALIA,2023-11-12,1,156.9,0.0,Completed,Cancelled,
ORD_00188,CUST_011,PROD_HOM_004,STORE_JAPAN,2023-06-11,3,385.66,0.0,Completed,Delivered,2023-06-16
ORD_00189,CUST_087,PROD_TOY_004,STORE_MEXICO,2023-04-18,1,107.06,0.0,Failed,Cancelled,
ORD_00190,CUST_093,PROD_TOY_001,STORE_GERMANY,2024-07-11,1,107.16,5.36,Completed,Delivered,2024-07-14
ORD_00191,CUST_025,PROD_BOO_003,STORE_INDIA,2023-11-12,5,368.19,368.19,Completed,Shipped,2023-11-15
ORD_00192,CUST_071,PROD_GRO_001,STORE_FRANCE,2024-04-01,2,199.7,79.88,Completed,Delivered,2024-04-05
ORD_00193,CUST_047,PROD_SPO_003,STORE_INDIA,2024-06-28,1,49.36,4.94,Completed,Delivered,2024-07-02
ORD_00194,CUST_041,PROD_HOM_002,STORE_USA,2024-10-05,1,69.14,0.0,Completed,Delivered,2024-10-11
ORD_00195,CUST_075,PROD_TOY_003,STORE_AUSTRALIA,2024-01-05,1,209.87,0.0,Completed,Delivered,2024-01-10
ORD_00196,CUST_073,PROD_ELE_001,STORE_INDIA,2024-09-22,5,47.04,11.76,Completed,Shipped,2024-09-29
ORD_00197,CUST_083,PROD_SPO_002,STORE_INDIA,2023-08-28,5,123.75,30.94,Completed,Delivered,2023-09-04
ORD_00198,CUST_070,PROD_SPO_002,STORE_UK,2024-09-14,5,123.75,0.0,Failed,Cancelled,
ORD_00199,CUST_005,PROD_BEA_005,STORE_USA,2023-03-15,2,149.64,0.0,Completed,Delivered,2023-03-22
ORD_00200,CUST_020,PROD_BEA_001,STORE_GERMANY,2024-08-07,2,373.91,37.39,Completed,Processing,
ORD_00201,CUST_082,PROD_TOY_005,STORE_INDIA,2025-01-12,2,238.91,0.0,Completed,Processing,
ORD_00202,CUST_071,PROD_HOM_002,STORE_USA,2023-03-26,3,69.14,10.37,Failed,Cancelled,
ORD_00203,CUST_037,PROD_BEA_002,STORE_BRAZIL,2025-02-20,5,373.48,186.74,Completed,Delivered,2025-02-22
ORD_00204,CUST_068,PROD_BOO_005,STORE_GERMANY,2023-09-21,3,48.66,29.2,Completed,Delivered,2023-09-25
ORD_00205,CUST_051,PROD_BOO_001,STORE_JAPAN,2024-04-27,2,149.49,59.8,Completed,Cancelled,
ORD_00206,CUST_029,PROD_ELE_005,STORE_CANADA,2025-01-06,5,431.77,0.0,Completed,Shipped,2025-01-11
ORD_00207,CUST_049,PROD_TOY_001,STORE_INDIA,2023-05-05,5,107.16,0.0,Completed,Delivered,2023-05-10
ORD_00208,CUST_056,PROD_GRO_002,STORE_MEXICO,2023-06-14,3,363.83,0.0,Completed,Delivered,2023-06-21
ORD_00209,CUST_073,PROD_SPO_001,STORE_FRANCE,2023-04-25,1,496.65,24.83,Failed,Cancelled,
ORD_00210,CUST_073,PROD_BEA_003,STORE_UK,2024-01-25,1,60.35,0.0,Failed,Cancelled,
ORD_00211,CUST_019,PROD_HOM_001,STORE_CANADA,2024-01-09,1,476.49,95.3,Completed,Processing,
ORD_00212,CUST_050,PROD_SPO_005,STORE_JAPAN,2024-04-05,5,467.79,0.0,Completed,Processing,
ORD_00213,CUST_096,PROD_GRO_003,STORE_USA,2023-06-17,2,157.05,0.0,Completed,Delivered,2023-06-23
ORD_00214,CUST_099,PROD_TOY_005,STORE_MEXICO,2024-04-18,1,238.91,0.0,Completed,Shipped,2024-04-23
ORD_00215,CUST_030,PROD_GRO_003,STORE_BRAZIL,2024-03-27,2,157.05,0.0,Failed,Cancelled,
ORD_00216,CUST_085,PROD_GRO_005,STORE_CANADA,2024-12-01,1,260.71,0.0,Completed,Delivered,2024-12-05
ORD_00217,CUST_020,PROD_GRO_005,STORE_UK,2024-04-10,1,260.71,13.04,Completed,Delivered,2024-04-12
ORD_00218,CUST_040,PROD_HOM_004,STORE_JAPAN,2023-12-10,1,385.66,0.0,Completed,Delivered,2023-12-15
ORD_00219,CUST_058,PROD_TOY_001,STORE_BRAZIL,2024-08-14,2,107.16,0.0,Completed,Delivered,2024-08-18
ORD_00220,CUST_071,PROD_BOO_001,STORE_MEXICO,2024-11-10,1,149.49,14.95,Completed,Delivered,2024-11-15
ORD_00221,CUST_050,PROD_BOO_001,STORE_BRAZIL,2023-11-12,3,149.49,89.69,Completed,Cancelled,
ORD_00222,CUST_049,PROD_CLO_001,STORE_UK,2023-12-09,1,434.38,21.72,Pending,Delivered,2023-12-11
ORD_00223,CUST_022,PROD_HOM_003,STORE_FRANCE,2024-05-13,1,439.96,44.0,Completed,Delivered,2024-05-17
ORD_00224,CUST_032,PROD_SPO_002,STORE_MEXICO,2024-11-29,1,123.75,12.38,Completed,Delivered,2024-12-03
ORD_00225,CUST_001,PROD_HOM_001,STORE_JAPAN,2024-12-03,2,476.49,47.65,Pending,Delivered,2024-12-08
ORD_00226,CUST_084,PROD_TOY_004,STORE_UK,2024-01-10,1,107.06,21.41,Completed,Shipped,2024-01-14
ORD_00227,CUST_023,PROD_HOM_001,STORE_JAPAN,2024-01-01,5,476.49,238.25,Failed,Cancelled,
ORD_00228,CUST_032,PROD_GRO_001,STORE_AUSTRALIA,2023-12-21,2,199.7,19.97,Completed,Processing,
ORD_00229,CUST_026,PROD_TOY_003,STORE_BRAZIL,2023-09-09,5,209.87,209.87,Completed,Cancelled,
ORD_00230,CUST_060,PROD_CLO_004,STORE_INDIA,2024-01-01,5,198.66,0.0,Pending,Cancelled,
ORD_00231,CUST_064,PROD_BOO_004,STORE_FRANCE,2023-11-11,1,156.9,0.0,Pending,Shipped,2023-11-13
ORD_00232,CUST_058,PROD_TOY_004,STORE_INDIA,2024-10-25,2,107.06,42.82,Failed,Cancelled,
ORD_00233,CUST_089,PROD_HOM_002,STORE_BRAZIL,2023-04-15,1,69.14,13.83,Failed,Cancelled,
ORD_00234,CUST_082,PROD_BOO_001,STORE_CANADA,2023-11-18,5,149.49,37.37,Completed,Cancelled,
ORD_00235,CUST_079,PROD_BEA_003,STORE_MEXICO,2024-12-28,5,60.35,30.18,Completed,Shipped,2024-12-30
ORD_00236,CUST_002,PROD_BOO_002,STORE_FRANCE,2023-10-22,3,198.88,119.33,Failed,Cancelled,
ORD_00237,CUST_075,PROD_TOY_002,STORE_GERMANY,2024-06-07,1,213.97,21.4,Pending,Cancelled,
ORD_00238,CUST_076,PROD_SPO_003,STORE_UK,2024-02-25,1,49.36,4.94,Completed,Delivered,2024-03-01
ORD_00239,CUST_011,PROD_BOO_003,STORE_UK,2024-02-28,1,368.19,18.41,Pending,Delivered,2024-03-05
ORD_00240,CUST_062,PROD_GRO_003,STORE_INDIA,2023-06-16,2,157.05,31.41,Completed,Delivered,2023-06-20
ORD_00241,CUST_006,PROD_BOO_003,STORE_USA,2024-02-23,5,368.19,0.0,Completed,Cancelled,
ORD_00242,CUST_032,PROD_SPO_004,STORE_UK,2024-09-24,1,49.29,2.46,Failed,Cancelled,
ORD_00243,CUST_055,PROD_HOM_005,STORE_GERMANY,2024-04-26,5,437.26,0.0,Completed,Cancelled,
ORD_00244,CUST_085,PROD_HOM_003,STORE_AUSTRALIA,2023-04-07,5,439.96,439.96,Completed,Shipped,2023-04-13
ORD_00245,CUST_055,PROD_GRO_005,STORE_USA,2025-02-27,1,260.71,0.0,Completed,Cancelled,
ORD_00246,CUST_009,PROD_TOY_002,STORE_CANADA,2024-09-08,1,213.97,10.7,Completed,Delivered,2024-09-13
ORD_00247,CUST_015,PROD_ELE_002,STORE_INDIA,2024-08-30,5,256.63,64.16,Failed,Cancelled,
ORD_00248,CUST_050,PROD_TOY_005,STORE_AUSTRALIA,2024-10-30,1,238.91,11.95,Completed,Shipped,2024-11-05
ORD_00249,CUST_023,PROD_ELE_005,STORE_MEXICO,2024-11-02,1,431.77,0.0,Completed,Delivered,2024-11-05
ORD_00250,CUST_040,PROD_BOO_003,STORE_UK,2024-03-25,5,368.19,0.0,Failed,Cancelled,
ORD_00251,CUST_050,PROD_HOM_002,STORE_MEXICO,2023-07-28,3,69.14,20.74,Pending,Delivered,2023-08-02
ORD_00252,CUST_082,PROD_SPO_005,STORE_UK,2024-09-27,1,467.79,46.78,Completed,Delivered,2024-09-30
ORD_00253,CUST_041,PROD_HOM_004,STORE_MEXICO,2023-05-02,1,385.66,0.0,Pending,Delivered,2023-05-05
ORD_00254,CUST_050,PROD_TOY_001,STORE_BRAZIL,2025-01-05,2,107.16,21.43,Pending,Shipped,2025-01-12
ORD_00255,CUST_057,PROD_SPO_002,STORE_UK,2023-06-01,3,123.75,0.0,Completed,Delivered,2023-06-03
ORD_00256,CUST_036,PROD_CLO_005,STORE_BRAZIL,2023-12-29,1,125.86,12.59,Failed,Cancelled,
ORD_00257,CUST_096,PROD_SPO_002,STORE_BRAZIL,2024-08-13,1,123.75,24.75,Completed,Delivered,2024-08-19
ORD_00258,CUST_047,PROD_SPO_005,STORE_USA,2024-06-02,3,467.79,0.0,Pending,Delivered,2024-06-09
ORD_00259,CUST_084,PROD_ELE_001,STORE_FRANCE,2023-04-11,2,47.04,4.7,Completed,Delivered,2023-04-16
ORD_00260,CUST_016,PROD_ELE_001,STORE_GERMANY,2024-10-31,5,47.04,11.76,Failed,Cancelled,
ORD_00261,CUST_081,PROD_HOM_003,STORE_UK,2024-11-28,1,439.96,0.0,Completed,Delivered,2024-12-04
ORD_00262,CUST_045,PROD_SPO_005,STORE_FRANCE,2024-11-09,3,467.79,0.0,Completed,Cancelled,
ORD_00263,CUST_038,PROD_ELE_004,STORE_MEXICO,2023-12-07,3,121.15,0.0,Completed,Shipped,2023-12-09
ORD_00264,CUST_036,PROD_BOO_004,STORE_UK,2023-11-19,1,156.9,7.85,Completed,Cancelled,
ORD_00265,CUST_051,PROD_SPO_002,STORE_UK,2024-10-20,5,123.75,30.94,Pending,Shipped,2024-10-25
ORD_00266,CUST_010,PROD_BOO_001,STORE_AUSTRALIA,2024-08-17,5,149.49,37.37,Completed,Shipped,2024-08-22
ORD_00267,CUST_042,PROD_TOY_003,STORE_USA,2023-06-12,5,209.87,104.94,Completed,Delivered,2023-06-18
ORD_00268,CUST_051,PROD_CLO_004,STORE_AUSTRALIA,2023-10-11,2,198.66,19.87,Completed,Delivered,2023-10-15
ORD_00269,CUST_071,PROD_TOY_002,STORE_UK,2024-10-08,2,213.97,21.4,Completed,Delivered,2024-10-10
ORD_00270,CUST_081,PROD_HOM_005,STORE_USA,2023-07-14,1,437.26,43.73,Pending,Delivered,2023-07-19
ORD_00271,CUST_026,PROD_BOO_004,STORE_FRANCE,2023-08-18,1,156.9,0.0,Completed,Delivered,2023-08-20
ORD_00272,CUST_048,PROD_CLO_001,STORE_USA,2024-04-17,5,434.38,108.59,Completed,Shipped,2024-04-24
ORD_00273,CUST_012,PROD_BOO_002,STORE_USA,2023-10-13,2,198.88,0.0,Completed,Processing,
ORD_00274,CUST_029,PROD_SPO_004,STORE_INDIA,2023-03-18,1,49.29,2.46,Completed,Shipped,2023-03-25
ORD_00275,CUST_017,PROD_SPO_001,STORE_CANADA,2023-10-29,2,496.65,0.0,Completed,Delivered,2023-11-02
ORD_00276,CUST_048,PROD_ELE_005,STORE_UK,2024-04-03,1,431.77,0.0,Completed,Processing,
ORD_00277,CUST_073,PROD_BEA_001,STORE_MEXICO,2025-01-02,1,373.91,37.39,Completed,Cancelled,
ORD_00278,CUST_028,PROD_BOO_005,STORE_AUSTRALIA,2024-11-28,5,48.66,24.33,Completed,Delivered,2024-11-30
ORD_00279,CUST_018,PROD_BOO_003,STORE_MEXICO,2024-04-05,1,368.19,36.82,Completed,Delivered,2024-04-08
ORD_00280,CUST_036,PROD_BOO_001,STORE_GERMANY,2024-09-25,3,149.49,89.69,Failed,Cancelled,
ORD_00281,CUST_037,PROD_BEA_002,STORE_FRANCE,2023-10-05,3,373.48,224.09,Failed,Cancelled,
ORD_00282,CUST_025,PROD_HOM_001,STORE_FRANCE,2024-12-29,1,476.49,0.0,Pending,Shipped,2024-12-31
ORD_00283,CUST_031,PROD_SPO_002,STORE_MEXICO,2023-05-20,3,123.75,0.0,Completed,Delivered,2023-05-23
ORD_00284,CUST_050,PROD_TOY_002,STORE_AUSTRALIA,2024-03-17,3,213.97,0.0,Pending,Delivered,2024-03-19
ORD_00285,CUST_076,PROD_BEA_005,STORE_USA,2023-12-02,1,149.64,0.0,Completed,Shipped,2023-12-08
ORD_00286,CUST_037,PROD_SPO_003,STORE_AUSTRALIA,2024-05-15,5,49.36,24.68,Completed,Cancelled,
ORD_00287,CUST_069,PROD_SPO_005,STORE_MEXICO,2023-08-12,1,467.79,0.0,Completed,Delivered,2023-08-18
ORD_00288,CUST_027,PROD_BOO_005,STORE_BRAZIL,2024-02-06,2,48.66,19.46,Completed,Delivered,2024-02-13
ORD_00289,CUST_056,PROD_ELE_001,STORE_USA,2023-11-14,1,47.04,4.7,Completed,Shipped,2023-11-20
ORD_00290,CUST_078,PROD_BEA_004,STORE_FRANCE,2025-01-19,5,329.54,0.0,Completed,Delivered,2025-01-26
ORD_00291,CUST_018,PROD_BEA_001,STORE_UK,2024-07-29,1,373.91,74.78,Failed,Cancelled,
ORD_00292,CUST_093,PROD_ELE_002,STORE_UK,2024-03-23,1,256.63,12.83,Completed,Delivered,2024-03-27
ORD_00293,CUST_055,PROD_ELE_003,STORE_BRAZIL,2023-05-13,1,134.37,26.87,Completed,Shipped,2023-05-18
ORD_00294,CUST_066,PROD_GRO_004,STORE_USA,2024-08-01,3,383.79,0.0,Completed,Delivered,2024-08-05
ORD_00295,CUST_099,PROD_BOO_002,STORE_MEXICO,2025-01-27,5,198.88,0.0,Completed,Cancelled,
ORD_00296,CUST_066,PROD_BEA_001,STORE_USA,2023-03-21,1,373.91,0.0,Pending,Delivered,2023-03-26
ORD_00297,CUST_020,PROD_CLO_002,STORE_USA,2024-09-25,5,194.17,97.09,Completed,Delivered,2024-09-28
ORD_00298,CUST_054,PROD_GRO_001,STORE_FRANCE,2023-05-27,3,199.7,29.95,Completed,Processing,
ORD_00299,CUST_087,PROD_BEA_004,STORE_UK,2023-10-23,3,329.54,0.0,Pending,Delivered,2023-10-28
ORD_00300,CUST_037,PROD_ELE_005,STORE_JAPAN,2023-06-05,3,431.77,129.53,Completed,Delivered,2023-06-08
ORD_00301,CUST_038,PROD_TOY_002,STORE_FRANCE,2024-12-05,1,213.97,21.4,Completed,Processing,
ORD_00302,CUST_064,PROD_CLO_003,STORE_BRAZIL,2023-11-15,1,322.33,0.0,Pending,Delivered,2023-11-18
ORD_00303,CUST_070,PROD_GRO_003,STORE_USA,2024-02-15,1,157.05,15.71,Completed,Delivered,2024-02-18
ORD_00304,CUST_068,PROD_ELE_001,STORE_AUSTRALIA,2024-07-24,1,47.04,0.0,Completed,Delivered,2024-07-26
ORD_00305,CUST_030,PROD_SPO_004,STORE_AUSTRALIA,2025-02-23,1,49.29,4.93,Completed,Processing,
ORD_00306,CUST_013,PROD_SPO_003,STORE_UK,2024-12-20,2,49.36,0.0,Failed,Cancelled,
ORD_00307,CUST_073,PROD_BEA_004,STORE_AUSTRALIA,2025-01-15,1,329.54,0.0,Completed,Delivered,2025-01-19
ORD_00308,CUST_051,PROD_GRO_001,STORE_JAPAN,2024-06-14,1,199.7,0.0,Completed,Delivered,2024-06-17
ORD_00309,CUST_100,PROD_TOY_003,STORE_CANADA,2023-08-15,1,209.87,0.0,Pending,Shipped,2023-08-19
ORD_00310,CUST_053,PROD_BOO_003,STORE_BRAZIL,2024-03-09,1,368.19,36.82,Completed,Shipped,2024-03-13
ORD_00311,CUST_016,PROD_BOO_001,STORE_UK,2025-02-08,1,149.49,29.9,Completed,Delivered,2025-02-12
ORD_00312,CUST_019,PROD_BOO_001,STORE_GERMANY,2024-03-07,2,149.49,59.8,Completed,Cancelled,
ORD_00313,CUST_039,PROD_ELE_002,STORE_UK,2023-04-09,2,256.63,51.33,Failed,Cancelled,
ORD_00314,CUST_096,PROD_TOY_001,STORE_GERMANY,2023-06-13,2,107.16,0.0,Completed,Delivered,2023-06-15
ORD_00315,CUST_008,PROD_CLO_005,STORE_UK,2023-09-27,2,125.86,12.59,Completed,Processing,
ORD_00316,CUST_076,PROD_ELE_002,STORE_CANADA,2023-03-31,1,256.63,0.0,Pending,Delivered,2023-04-02
ORD_00317,CUST_043,PROD_BOO_003,STORE_USA,2024-06-23,1,368.19,0.0,Failed,Cancelled,
ORD_00318,CUST_056,PROD_HOM_001,STORE_INDIA,2023-04-08,2,476.49,95.3,Completed,Delivered,2023-04-11
ORD_00319,CUST_024,PROD_ELE_003,STORE_FRANCE,2024-06-07,1,134.37,0.0,Failed,Cancelled,
ORD_00320,CUST_080,PROD_TOY_005,STORE_GERMANY,2024-12-30,1,238.91,23.89,Pending,Processing,
ORD_00321,CUST_062,PROD_BEA_004,STORE_CANADA,2023-12-20,2,329.54,0.0,Pending,Delivered,2023-12-27
ORD_00322,CUST_068,PROD_ELE_001,STORE_BRAZIL,2023-03-28,2,47.04,4.7,Pending,Processing,
ORD_00323,CUST_063,PROD_GRO_003,STORE_MEXICO,2024-08-04,1,157.05,15.71,Completed,Delivered,2024-08-06
ORD_00324,CUST_041,PROD_TOY_004,STORE_GERMANY,2023-04-08,1,107.06,0.0,Pending,Processing,
ORD_00325,CUST_046,PROD_TOY_003,STORE_GERMANY,2023-08-19,1,209.87,0.0,Completed,Delivered,2023-08-25
ORD_00326,CUST_095,PROD_BEA_004,STORE_GERMANY,2024-10-18,2,329.54,32.95,Completed,Delivered,2024-10-21
ORD_00327,CUST_076,PROD_GRO_001,STORE_JAPAN,2024-11-03,1,199.7,9.98,Failed,Cancelled,
ORD_00328,CUST_073,PROD_BOO_005,STORE_MEXICO,2023-09-17,2,48.66,19.46,Completed,Delivered,2023-09-22
ORD_00329,CUST_005,PROD_BOO_001,STORE_USA,2023-11-02,3,149.49,0.0,Completed,Processing,
ORD_00330,CUST_062,PROD_BEA_001,STORE_JAPAN,2024-11-26,1,373.91,0.0,Completed,Cancelled,
ORD_00331,CUST_023,PROD_GRO_001,STORE_USA,2023-03-31,1,199.7,39.94,Completed,Delivered,2023-04-06
ORD_00332,CUST_047,PROD_BEA_005,STORE_JAPAN,2025-02-27,5,149.64,74.82,Failed,Cancelled,
ORD_00333,CUST_013,PROD_GRO_002,STORE_FRANCE,2024-02-02,1,363.83,0.0,Pending,Cancelled,
ORD_00334,CUST_063,PROD_GRO_001,STORE_UK,2025-03-02,3,199.7,119.82,Completed,Delivered,2025-03-09
ORD_00335,CUST_076,PROD_CLO_002,STORE_AUSTRALIA,2024-01-17,5,194.17,48.54,Completed,Delivered,2024-01-24
ORD_00336,CUST_001,PROD_TOY_002,STORE_AUSTRALIA,2024-10-10,1,213.97,0.0,Failed,Cancelled,
ORD_00337,CUST_041,PROD_TOY_005,STORE_GERMANY,2024-12-22,3,238.91,0.0,Pending,Delivered,2024-12-26
ORD_00338,CUST_096,PROD_BEA_005,STORE_GERMANY,2024-02-27,1,149.64,0.0,Completed,Cancelled,
ORD_00339,CUST_086,PROD_GRO_002,STORE_INDIA,2023-03-20,1,363.83,0.0,Completed,Cancelled,
ORD_00340,CUST_009,PROD_GRO_003,STORE_FRANCE,2023-06-27,5,157.05,0.0,Completed,Shipped,2023-07-02
ORD_00341,CUST_094,PROD_HOM_002,STORE_UK,2024-05-05,2,69.14,13.83,Completed,Processing,
ORD_00342,CUST_049,PROD_BOO_002,STORE_INDIA,2024-10-20,5,198.88,0.0,Completed,Shipped,2024-10-22
ORD_00343,CUST_005,PROD_ELE_004,STORE_USA,2024-01-29,1,121.15,0.0,Completed,Delivered,2024-02-01
ORD_00344,CUST_049,PROD_CLO_001,STORE_CANADA,2024-09-19,1,434.38,21.72,Failed,Cancelled,
ORD_00345,CUST_079,PROD_SPO_001,STORE_USA,2024-05-23,5,496.65,0.0,Failed,Cancelled,
ORD_00346,CUST_056,PROD_CLO_001,STORE_USA,2023-06-20,1,434.38,0.0,Completed,Shipped,2023-06-27
ORD_00347,CUST_071,PROD_SPO_005,STORE_FRANCE,2025-01-13,1,467.79,23.39,Completed,Delivered,2025-01-15
ORD_00348,CUST_051,PROD_TOY_002,STORE_BRAZIL,2024-07-23,1,213.97,0.0,Completed,Delivered,2024-07-28
ORD_00349,CUST_012,PROD_ELE_004,STORE_MEXICO,2024-07-12,1,121.15,0.0,Completed,Delivered,2024-07-15
ORD_00350,CUST_082,PROD_ELE_004,STORE_CANADA,2024-07-05,1,121.15,6.06,Pending,Shipped,2024-07-10
ORD_00351,CUST_085,PROD_ELE_002,STORE_CANADA,2024-12-25,3,256.63,76.99,Completed,Delivered,2024-12-30
ORD_00352,CUST_048,PROD_CLO_002,STORE_INDIA,2023-04-23,1,194.17,19.42,Pending,Delivered,2023-04-26
ORD_00353,CUST_035,PROD_TOY_002,STORE_USA,2023-08-10,5,213.97,0.0,Completed,Cancelled,
ORD_00354,CUST_045,PROD_SPO_005,STORE_AUSTRALIA,2024-11-01,1,467.79,93.56,Completed,Shipped,2024-11-07
ORD_00355,CUST_054,PROD_SPO_005,STORE_INDIA,2024-10-15,1,467.79,46.78,Completed,Delivered,2024-10-20
ORD_00356,CUST_092,PROD_BEA_003,STORE_BRAZIL,2024-10-13,3,60.35,36.21,Failed,Cancelled,
ORD_00357,CUST_019,PROD_BOO_003,STORE_INDIA,2023-09-02,1,368.19,0.0,Completed,Delivered,2023-09-04
ORD_00358,CUST_055,PROD_BOO_001,STORE_AUSTRALIA,2023-10-01,5,149.49,0.0,Failed,Cancelled,
ORD_00359,CUST_034,PROD_GRO_001,STORE_CANADA,2023-06-06,2,199.7,79.88,Pending,Processing,
ORD_00360,CUST_042,PROD_ELE_003,STORE_BRAZIL,2024-06-20,1,134.37,26.87,Failed,Cancelled,
ORD_00361,CUST_067,PROD_HOM_002,STORE_CANADA,2024-05-06,1,69.14,0.0,Failed,Cancelled,
ORD_00362,CUST_076,PROD_TOY_003,STORE_CANADA,2023-06-25,3,209.87,0.0,Completed,Processing,
ORD_00363,CUST_045,PROD_HOM_002,STORE_FRANCE,2024-04-04,5,69.14,34.57,Failed,Cancelled,
ORD_00364,CUST_078,PROD_SPO_001,STORE_USA,2023-09-01,1,496.65,49.66,Completed,Processing,
ORD_00365,CUST_078,PROD_HOM_001,STORE_USA,2024-04-17,1,476.49,0.0,Completed,Cancelled,
ORD_00366,CUST_061,PROD_ELE_003,STORE_JAPAN,2023-03-29,1,134.37,6.72,Completed,Delivered,2023-04-03
ORD_00367,CUST_090,PROD_BOO_002,STORE_GERMANY,2023-07-24,1,198.88,19.89,Completed,Delivered,2023-07-31
ORD_00368,CUST_054,PROD_TOY_004,STORE_CANADA,2023-09-17,2,107.06,0.0,Pending,Cancelled,
ORD_00369,CUST_063,PROD_SPO_004,STORE_JAPAN,2023-05-05,3,49.29,0.0,Completed,Delivered,2023-05-12
ORD_00370,CUST_065,PROD_HOM_001,STORE_UK,2024-08-26,3,476.49,0.0,Completed,Delivered,2024-08-29
ORD_00371,CUST_008,PROD_ELE_001,STORE_USA,2024-06-18,1,47.04,2.35,Completed,Delivered,2024-06-22
ORD_00372,CUST_060,PROD_SPO_003,STORE_AUSTRALIA,2024-12-18,1,49.36,0.0,Completed,Delivered,2024-12-23
ORD_00373,CUST_077,PROD_HOM_004,STORE_UK,2024-07-06,3,385.66,231.4,Completed,Delivered,2024-07-09
ORD_00374,CUST_034,PROD_BOO_001,STORE_FRANCE,2023-04-06,2,149.49,0.0,Completed,Processing,
ORD_00375,CUST_100,PROD_CLO_004,STORE_GERMANY,2024-12-30,1,198.66,0.0,Completed,Cancelled,
ORD_00376,CUST_053,PROD_SPO_003,STORE_USA,2025-02-04,1,49.36,4.94,Completed,Cancelled,
ORD_00377,CUST_023,PROD_TOY_004,STORE_USA,2023-10-24,1,107.06,21.41,Completed,Cancelled,
ORD_00378,CUST_091,PROD_ELE_003,STORE_AUSTRALIA,2024-03-28,1,134.37,13.44,Completed,Delivered,2024-04-02
ORD_00379,CUST_039,PROD_SPO_004,STORE_MEXICO,2024-04-18,3,49.29,0.0,Completed,Processing,
ORD_00380,CUST_085,PROD_GRO_004,STORE_BRAZIL,2024-12-30,3,383.79,230.27,Completed,Delivered,2025-01-06
ORD_00381,CUST_014,PROD_SPO_001,STORE_CANADA,2024-02-16,1,496.65,24.83,Completed,Delivered,2024-02-23
ORD_00382,CUST_092,PROD_ELE_005,STORE_GERMANY,2023-08-09,3,431.77,0.0,Completed,Processing,
ORD_00383,CUST_052,PROD_GRO_001,STORE_UK,2023-04-04,5,199.7,99.85,Completed,Delivered,2023-04-09
ORD_00384,CUST_052,PROD_GRO_005,STORE_USA,2024-10-26,5,260.71,260.71,Completed,Delivered,2024-11-02
ORD_00385,CUST_092,PROD_CLO_005,STORE_BRAZIL,2024-12-21,2,125.86,12.59,Failed,Cancelled,
ORD_00386,CUST_039,PROD_CLO_001,STORE_BRAZIL,2023-09-10,1,434.38,0.0,Pending,Delivered,2023-09-17
ORD_00387,CUST_034,PROD_TOY_001,STORE_UK,2025-02-02,1,107.16,0.0,Completed,Delivered,2025-02-05
ORD_00388,CUST_096,PROD_ELE_005,STORE_AUSTRALIA,2024-02-11,1,431.77,21.59,Failed,Cancelled,
ORD_00389,CUST_038,PROD_HOM_005,STORE_CANADA,2024-07-02,1,437.26,87.45,Failed,Cancelled,
ORD_00390,CUST_080,PROD_BEA_005,STORE_INDIA,2023-09-24,3,149.64,0.0,Pending,Processing,
ORD_00391,CUST_039,PROD_HOM_002,STORE_USA,2023-08-10,1,69.14,0.0,Completed,Shipped,2023-08-16
ORD_00392,CUST_059,PROD_BOO_005,STORE_JAPAN,2023-09-09,1,48.66,4.87,Completed,Cancelled,
ORD_00393,CUST_023,PROD_GRO_001,STORE_USA,2023-03-13,2,199.7,19.97,Completed,Delivered,2023-03-19
ORD_00394,CUST_098,PROD_CLO_001,STORE_INDIA,2023-06-07,1,434.38,86.88,Pending,Cancelled,
ORD_00395,CUST_055,PROD_HOM_001,STORE_AUSTRALIA,2024-07-09,2,476.49,0.0,Completed,Processing,
ORD_00396,CUST_026,PROD_GRO_004,STORE_USA,2024-02-01,3,383.79,0.0,Completed,Cancelled,
ORD_00397,CUST_001,PROD_ELE_001,STORE_GERMANY,2025-02-16,1,47.04,2.35,Completed,Delivered,2025-02-21
ORD_00398,CUST_065,PROD_TOY_003,STORE_FRANCE,2023-08-27,1,209.87,0.0,Completed,Delivered,2023-09-01
ORD_00399,CUST_094,PROD_SPO_004,STORE_MEXICO,2024-08-26,1,49.29,4.93,Completed,Delivered,2024-08-31
ORD_00400,CUST_046,PROD_CLO_003,STORE_UK,2024-04-25,1,322.33,0.0,Completed,Cancelled,
ORD_00401,CUST_017,PROD_CLO_004,STORE_USA,2024-11-01,3,198.66,0.0,Completed,Delivered,2024-11-08
ORD_00402,CUST_084,PROD_BEA_003,STORE_AUSTRALIA,2024-12-23,1,60.35,12.07,Failed,Cancelled,
ORD_00403,CUST_007,PROD_TOY_004,STORE_USA,2025-01-14,1,107.06,0.0,Completed,Cancelled,
ORD_00404,CUST_015,PROD_HOM_002,STORE_INDIA,2024-04-01,1,69.14,13.83,Completed,Shipped,2024-04-08
ORD_00405,CUST_020,PROD_CLO_004,STORE_USA,2024-01-11,2,198.66,0.0,Failed,Cancelled,
ORD_00406,CUST_035,PROD_TOY_005,STORE_MEXICO,2025-02-23,1,238.91,23.89,Completed,Processing,
ORD_00407,CUST_093,PROD_TOY_005,STORE_CANADA,2023-12-23,1,238.91,0.0,Pending,Delivered,2023-12-29
ORD_00408,CUST_026,PROD_ELE_002,STORE_BRAZIL,2023-10-01,1,256.63,25.66,Completed,Delivered,2023-10-03
ORD_00409,CUST_071,PROD_SPO_002,STORE_GERMANY,2025-02-10,2,123.75,12.38,Completed,Delivered,2025-02-12
ORD_00410,CUST_086,PROD_BOO_001,STORE_CANADA,2024-10-16,5,149.49,74.75,Completed,Delivered,2024-10-22
ORD_00411,CUST_010,PROD_BOO_002,STORE_FRANCE,2024-12-27,1,198.88,19.89,Completed,Delivered,2025-01-01
ORD_00412,CUST_007,PROD_BOO_002,STORE_UK,2023-04-18,1,198.88,9.94,Completed,Shipped,2023-04-25
ORD_00413,CUST_015,PROD_BOO_002,STORE_USA,2023-03-18,1,198.88,0.0,Completed,Delivered,2023-03-23
ORD_00414,CUST_080,PROD_ELE_003,STORE_CANADA,2024-03-24,1,134.37,0.0,Completed,Shipped,2024-03-29
ORD_00415,CUST_059,PROD_ELE_003,STORE_AUSTRALIA,2025-02-12,2,134.37,26.87,Completed,Delivered,2025-02-15
ORD_00416,CUST_090,PROD_BEA_004,STORE_UK,2023-06-23,2,329.54,131.82,Pending,Processing,
ORD_00417,CUST_087,PROD_HOM_004,STORE_UK,2024-11-23,2,385.66,38.57,Failed,Cancelled,
ORD_00418,CUST_004,PROD_BOO_004,STORE_INDIA,2024-07-20,1,156.9,15.69,Pending,Delivered,2024-07-22
ORD_00419,CUST_034,PROD_GRO_001,STORE_USA,2025-02-27,5,199.7,199.7,Failed,Cancelled,
ORD_00420,CUST_093,PROD_TOY_002,STORE_GERMANY,2025-01-22,1,213.97,42.79,Failed,Cancelled,
ORD_00421,CUST_089,PROD_TOY_005,STORE_CANADA,2024-05-25,5,238.91,0.0,Pending,Delivered,2024-06-01
ORD_00422,CUST_087,PROD_GRO_005,STORE_UK,2024-09-30,3,260.71,0.0,Completed,Cancelled,
ORD_00423,CUST_021,PROD_SPO_003,STORE_INDIA,2024-07-28,1,49.36,0.0,Pending,Delivered,2024-07-31
ORD_00424,CUST_043,PROD_ELE_003,STORE_USA,2024-08-09,1,134.37,26.87,Pending,Shipped,2024-08-12
ORD_00425,CUST_011,PROD_HOM_005,STORE_INDIA,2024-10-15,2,437.26,0.0,Pending,Shipped,2024-10-19
ORD_00426,CUST_016,PROD_SPO_002,STORE_USA,2023-06-22,2,123.75,24.75,Completed,Processing,
ORD_00427,CUST_071,PROD_BEA_001,STORE_CANADA,2024-11-16,3,373.91,56.09,Failed,Cancelled,
ORD_00428,CUST_072,PROD_CLO_004,STORE_INDIA,2024-02-21,1,198.66,0.0,Completed,Shipped,2024-02-25
ORD_00429,CUST_072,PROD_TOY_005,STORE_MEXICO,2024-07-05,5,238.91,59.73,Pending,Delivered,2024-07-07
ORD_00430,CUST_098,PROD_CLO_005,STORE_USA,2024-02-21,1,125.86,6.29,Failed,Cancelled,
ORD_00431,CUST_067,PROD_GRO_004,STORE_CANADA,2023-04-24,1,383.79,38.38,Completed,Cancelled,
ORD_00432,CUST_096,PROD_HOM_002,STORE_CANADA,2023-11-24,3,69.14,0.0,Completed,Delivered,2023-11-29
ORD_00433,CUST_028,PROD_HOM_005,STORE_GERMANY,2024-02-18,1,437.26,43.73,Completed,Cancelled,
ORD_00434,CUST_087,PROD_TOY_003,STORE_CANADA,2024-06-12,2,209.87,83.95,Failed,Cancelled,
ORD_00435,CUST_018,PROD_SPO_002,STORE_USA,2024-09-02,5,123.75,0.0,Failed,Cancelled,
ORD_00436,CUST_056,PROD_TOY_003,STORE_INDIA,2024-08-10,1,209.87,41.97,Completed,Cancelled,
ORD_00437,CUST_017,PROD_BOO_002,STORE_AUSTRALIA,2025-01-10,3,198.88,119.33,Completed,Processing,
ORD_00438,CUST_050,PROD_HOM_002,STORE_MEXICO,2025-02-15,1,69.14,3.46,Pending,Delivered,2025-02-19
ORD_00439,CUST_058,PROD_BOO_004,STORE_UK,2024-05-04,3,156.9,94.14,Completed,Cancelled,
ORD_00440,CUST_071,PROD_GRO_001,STORE_BRAZIL,2024-12-15,1,199.7,0.0,Completed,Processing,
ORD_00441,CUST_092,PROD_ELE_004,STORE_JAPAN,2025-01-25,1,121.15,0.0,Failed,Cancelled,
ORD_00442,CUST_070,PROD_GRO_001,STORE_CANADA,2024-03-03,3,199.7,59.91,Failed,Cancelled,
ORD_00443,CUST_074,PROD_HOM_002,STORE_BRAZIL,2023-12-26,2,69.14,0.0,Failed,Cancelled,
ORD_00444,CUST_014,PROD_BEA_002,STORE_AUSTRALIA,2023-08-04,1,373.48,0.0,Completed,Delivered,2023-08-07
ORD_00445,CUST_037,PROD_ELE_002,STORE_UK,2023-05-11,5,256.63,64.16,Completed,Processing,
ORD_00446,CUST_005,PROD_GRO_003,STORE_INDIA,2023-06-21,3,157.05,94.23,Completed,Cancelled,
ORD_00447,CUST_083,PROD_TOY_001,STORE_AUSTRALIA,2023-11-07,3,107.16,16.07,Completed,Shipped,2023-11-12
ORD_00448,CUST_054,PROD_GRO_001,STORE_BRAZIL,2023-05-03,1,199.7,9.98,Completed,Processing,
ORD_00449,CUST_100,PROD_HOM_004,STORE_GERMANY,2024-12-16,5,385.66,96.42,Failed,Cancelled,
ORD_00450,CUST_070,PROD_TOY_004,STORE_GERMANY,2023-09-23,1,107.06,10.71,Completed,Cancelled,
ORD_00451,CUST_010,PROD_CLO_002,STORE_UK,2024-08-16,1,194.17,19.42,Completed,Shipped,2024-08-20
ORD_00452,CUST_072,PROD_ELE_002,STORE_UK,2023-08-20,3,256.63,38.49,Completed,Delivered,2023-08-25
ORD_00453,CUST_091,PROD_BOO_005,STORE_USA,2023-08-13,1,48.66,9.73,Completed,Cancelled,
ORD_00454,CUST_079,PROD_ELE_005,STORE_INDIA,2024-10-15,3,431.77,64.77,Completed,Cancelled,
ORD_00455,CUST_041,PROD_SPO_004,STORE_GERMANY,2023-09-13,3,49.29,0.0,Failed,Cancelled,
ORD_00456,CUST_021,PROD_HOM_002,STORE_BRAZIL,2024-09-08,2,69.14,0.0,Completed,Delivered,2024-09-11
ORD_00457,CUST_085,PROD_GRO_002,STORE_JAPAN,2024-03-12,1,363.83,0.0,Failed,Cancelled,
ORD_00458,CUST_068,PROD_SPO_001,STORE_BRAZIL,2025-01-01,1,496.65,0.0,Completed,Shipped,2025-01-04
ORD_00459,CUST_083,PROD_TOY_005,STORE_MEXICO,2023-11-13,1,238.91,11.95,Pending,Delivered,2023-11-18
ORD_00460,CUST_033,PROD_SPO_005,STORE_FRANCE,2023-04-03,3,467.79,70.17,Failed,Cancelled,
ORD_00461,CUST_066,PROD_HOM_004,STORE_INDIA,2023-04-22,1,385.66,0.0,Completed,Processing,
ORD_00462,CUST_011,PROD_BOO_002,STORE_UK,2024-09-09,3,198.88,0.0,Completed,Delivered,2024-09-16
ORD_00463,CUST_081,PROD_CLO_004,STORE_AUSTRALIA,2023-06-23,1,198.66,39.73,Pending,Cancelled,
ORD_00464,CUST_010,PROD_BOO_005,STORE_USA,2024-06-21,5,48.66,12.16,Completed,Delivered,2024-06-23
ORD_00465,CUST_007,PROD_CLO_002,STORE_FRANCE,2024-09-30,1,194.17,38.83,Completed,Delivered,2024-10-05
ORD_00466,CUST_050,PROD_HOM_004,STORE_AUSTRALIA,2024-05-25,1,385.66,0.0,Pending,Cancelled,
ORD_00467,CUST_016,PROD_SPO_005,STORE_USA,2024-12-24,5,467.79,467.79,Completed,Cancelled,
ORD_00468,CUST_075,PROD_BEA_003,STORE_CANADA,2024-03-09,3,60.35,0.0,Completed,Cancelled,
ORD_00469,CUST_039,PROD_TOY_004,STORE_CANADA,2023-12-22,2,107.06,21.41,Pending,Cancelled,
ORD_00470,CUST_004,PROD_SPO_001,STORE_UK,2024-09-05,1,496.65,0.0,Pending,Processing,
ORD_00471,CUST_038,PROD_BOO_005,STORE_FRANCE,2025-01-30,5,48.66,12.16,Completed,Processing,
ORD_00472,CUST_072,PROD_BOO_005,STORE_CANADA,2023-04-20,1,48.66,9.73,Failed,Cancelled,
ORD_00473,CUST_051,PROD_SPO_005,STORE_BRAZIL,2023-06-04,1,467.79,0.0,Completed,Delivered,2023-06-09
ORD_00474,CUST_083,PROD_SPO_003,STORE_UK,2023-08-20,1,49.36,0.0,Failed,Cancelled,
ORD_00475,CUST_033,PROD_CLO_003,STORE_CANADA,2023-09-10,5,322.33,322.33,Completed,Processing,
ORD_00476,CUST_060,PROD_TOY_001,STORE_CANADA,2023-12-31,5,107.16,0.0,Completed,Delivered,2024-01-03
ORD_00477,CUST_093,PROD_TOY_003,STORE_INDIA,2024-02-10,1,209.87,0.0,Completed,Delivered,2024-02-14
ORD_00478,CUST_080,PROD_BEA_005,STORE_GERMANY,2024-01-28,2,149.64,29.93,Completed,Processing,
ORD_00479,CUST_085,PROD_ELE_005,STORE_MEXICO,2023-08-12,3,431.77,259.06,Completed,Delivered,2023-08-17
ORD_00480,CUST_022,PROD_BEA_001,STORE_JAPAN,2023-11-16,1,373.91,37.39,Completed,Delivered,2023-11-19
ORD_00481,CUST_087,PROD_GRO_002,STORE_INDIA,2024-06-24,2,363.83,36.38,Completed,Shipped,2024-06-30
ORD_00482,CUST_014,PROD_CLO_002,STORE_MEXICO,2023-05-31,1,194.17,0.0,Failed,Cancelled,
ORD_00483,CUST_026,PROD_ELE_002,STORE_CANADA,2023-05-25,1,256.63,51.33,Completed,Processing,
ORD_00484,CUST_075,PROD_HOM_001,STORE_MEXICO,2023-10-12,1,476.49,95.3,Completed,Processing,
ORD_00485,CUST_070,PROD_SPO_001,STORE_UK,2024-03-17,2,496.65,0.0,Failed,Cancelled,
ORD_00486,CUST_094,PROD_ELE_004,STORE_UK,2024-06-26,3,121.15,72.69,Completed,Shipped,2024-06-30
ORD_00487,CUST_065,PROD_BEA_001,STORE_GERMANY,2024-11-26,5,373.91,0.0,Failed,Cancelled,
ORD_00488,CUST_018,PROD_HOM_004,STORE_UK,2023-09-08,3,385.66,231.4,Completed,Cancelled,
ORD_00489,CUST_094,PROD_SPO_001,STORE_JAPAN,2023-04-19,1,496.65,49.66,Completed,Delivered,2023-04-23
ORD_00490,CUST_048,PROD_CLO_005,STORE_USA,2025-01-21,1,125.86,25.17,Completed,Shipped,2025-01-26
ORD_00491,CUST_059,PROD_BEA_003,STORE_USA,2025-01-01,1,60.35,0.0,Failed,Cancelled,
ORD_00492,CUST_082,PROD_ELE_003,STORE_FRANCE,2024-10-21,3,134.37,80.62,Completed,Shipped,2024-10-28
ORD_00493,CUST_049,PROD_GRO_004,STORE_MEXICO,2025-01-06,1,383.79,76.76,Completed,Shipped,2025-01-09
ORD_00494,CUST_067,PROD_HOM_001,STORE_JAPAN,2024-02-25,2,476.49,95.3,Failed,Cancelled,
ORD_00495,CUST_001,PROD_SPO_003,STORE_UK,2024-06-01,1,49.36,0.0,Completed,Processing,
ORD_00496,CUST_083,PROD_ELE_003,STORE_GERMANY,2023-08-09,1,134.37,0.0,Completed,Processing,
ORD_00497,CUST_092,PROD_BOO_003,STORE_GERMANY,2024-05-06,1,368.19,0.0,Pending,Cancelled,
ORD_00498,CUST_062,PROD_SPO_001,STORE_GERMANY,2024-11-02,1,496.65,49.66,Completed,Delivered,2024-11-04
ORD_00499,CUST_017,PROD_TOY_002,STORE_MEXICO,2023-08-20,1,213.97,42.79,Completed,Processing,
ORD_00500,CUST_019,PROD_BEA_004,STORE_UK,2023-11-28,1,329.54,65.91,Pending,Processing,
ORD_00501,CUST_073,PROD_BEA_002,STORE_FRANCE,2023-06-04,1,373.48,37.35,Failed,Cancelled,
ORD_00502,CUST_061,PROD_SPO_001,STORE_UK,2023-10-19,2,496.65,198.66,Completed,Processing,
ORD_00503,CUST_099,PROD_CLO_002,STORE_MEXICO,2025-01-12,3,194.17,29.13,Completed,Cancelled,
ORD_00504,CUST_088,PROD_GRO_002,STORE_INDIA,2024-11-08,3,363.83,0.0,Completed,Shipped,2024-11-13
ORD_00505,CUST_017,PROD_BOO_002,STORE_USA,2023-10-02,3,198.88,119.33,Pending,Delivered,2023-10-08
ORD_00506,CUST_013,PROD_CLO_002,STORE_INDIA,2024-11-27,3,194.17,0.0,Failed,Cancelled,
ORD_00507,CUST_065,PROD_BOO_003,STORE_CANADA,2024-07-14,5,368.19,0.0,Failed,Cancelled,
ORD_00508,CUST_070,PROD_BEA_001,STORE_AUSTRALIA,2024-08-24,2,373.91,37.39,Completed,Cancelled,
ORD_00509,CUST_068,PROD_HOM_003,STORE_GERMANY,2024-07-14,2,439.96,44.0,Failed,Cancelled,
ORD_00510,CUST_095,PROD_TOY_002,STORE_CANADA,2024-05-17,1,213.97,10.7,Pending,Delivered,2024-05-19
ORD_00511,CUST_037,PROD_TOY_004,STORE_BRAZIL,2024-04-30,1,107.06,0.0,Completed,Cancelled,
ORD_00512,CUST_096,PROD_BEA_001,STORE_MEXICO,2024-08-25,1,373.91,74.78,Completed,Shipped,2024-09-01
ORD_00513,CUST_027,PROD_GRO_001,STORE_AUSTRALIA,2024-03-13,1,199.7,0.0,Pending,Cancelled,
ORD_00514,CUST_075,PROD_ELE_002,STORE_FRANCE,2024-09-07,2,256.63,102.65,Completed,Processing,
ORD_00515,CUST_036,PROD_HOM_001,STORE_GERMANY,2024-05-05,3,476.49,285.89,Pending,Delivered,2024-05-09
ORD_00516,CUST_072,PROD_TOY_001,STORE_INDIA,2023-11-23,1,107.16,21.43,Completed,Cancelled,
ORD_00517,CUST_051,PROD_BOO_004,STORE_CANADA,2023-10-30,2,156.9,0.0,Completed,Delivered,2023-11-05
ORD_00518,CUST_052,PROD_GRO_002,STORE_BRAZIL,2024-11-26,5,363.83,0.0,Completed,Shipped,2024-12-03
ORD_00519,CUST_001,PROD_BOO_001,STORE_UK,2024-07-03,3,149.49,44.85,Completed,Delivered,2024-07-07
ORD_00520,CUST_029,PROD_GRO_004,STORE_CANADA,2024-11-21,1,383.79,38.38,Pending,Processing,
ORD_00521,CUST_084,PROD_SPO_004,STORE_FRANCE,2025-03-06,3,49.29,0.0,Completed,Cancelled,
ORD_00522,CUST_064,PROD_HOM_004,STORE_USA,2023-10-01,5,385.66,385.66,Completed,Delivered,2023-10-03
ORD_00523,CUST_077,PROD_SPO_003,STORE_BRAZIL,2025-02-21,1,49.36,9.87,Completed,Cancelled,
ORD_00524,CUST_005,PROD_GRO_004,STORE_GERMANY,2025-01-07,1,383.79,0.0,Completed,Delivered,2025-01-12
ORD_00525,CUST_046,PROD_HOM_001,STORE_AUSTRALIA,2024-10-29,1,476.49,95.3,Completed,Cancelled,
ORD_00526,CUST_091,PROD_BEA_005,STORE_CANADA,2024-09-21,1,149.64,29.93,Failed,Cancelled,
ORD_00527,CUST_045,PROD_GRO_003,STORE_FRANCE,2023-10-26,3,157.05,0.0,Pending,Shipped,2023-11-01
ORD_00528,CUST_001,PROD_ELE_002,STORE_UK,2024-04-28,3,256.63,0.0,Failed,Cancelled,
ORD_00529,CUST_010,PROD_SPO_003,STORE_FRANCE,2024-02-20,1,49.36,9.87,Completed,Processing,
ORD_00530,CUST_074,PROD_ELE_002,STORE_INDIA,2024-03-29,3,256.63,76.99,Completed,Delivered,2024-04-03
ORD_00531,CUST_088,PROD_HOM_005,STORE_MEXICO,2023-04-06,2,437.26,0.0,Completed,Delivered,2023-04-11
ORD_00532,CUST_082,PROD_CLO_005,STORE_GERMANY,2024-01-26,2,125.86,12.59,Failed,Cancelled,
ORD_00533,CUST_069,PROD_BEA_001,STORE_FRANCE,2023-11-18,1,373.91,0.0,Pending,Cancelled,
ORD_00534,CUST_096,PROD_GRO_002,STORE_CANADA,2024-09-26,1,363.83,36.38,Completed,Delivered,2024-09-29
ORD_00535,CUST_074,PROD_ELE_003,STORE_UK,2025-02-05,1,134.37,13.44,Completed,Delivered,2025-02-12
ORD_00536,CUST_031,PROD_ELE_002,STORE_GERMANY,2023-10-29,1,256.63,0.0,Failed,Cancelled,
ORD_00537,CUST_046,PROD_BOO_005,STORE_CANADA,2023-07-09,1,48.66,4.87,Failed,Cancelled,
ORD_00538,CUST_001,PROD_SPO_005,STORE_USA,2024-07-14,1,467.79,93.56,Completed,Shipped,2024-07-20
ORD_00539,CUST_036,PROD_SPO_002,STORE_UK,2024-08-13,1,123.75,12.38,Completed,Processing,
ORD_00540,CUST_017,PROD_BEA_004,STORE_BRAZIL,2024-05-15,2,329.54,131.82,Completed,Processing,
ORD_00541,CUST_045,PROD_HOM_001,STORE_UK,2024-06-19,1,476.49,95.3,Pending,Delivered,2024-06-26
ORD_00542,CUST_002,PROD_BEA_001,STORE_GERMANY,2024-03-31,3,373.91,0.0,Completed,Delivered,2024-04-06
ORD_00543,CUST_034,PROD_CLO_002,STORE_BRAZIL,2023-12-03,1,194.17,9.71,Pending,Processing,
ORD_00544,CUST_044,PROD_GRO_004,STORE_UK,2024-07-31,2,383.79,0.0,Pending,Cancelled,
ORD_00545,CUST_097,PROD_GRO_004,STORE_JAPAN,2024-04-22,1,383.79,38.38,Completed,Processing,
ORD_00546,CUST_017,PROD_TOY_002,STORE_GERMANY,2023-06-19,5,213.97,53.49,Completed,Processing,
ORD_00547,CUST_056,PROD_GRO_005,STORE_GERMANY,2023-08-05,5,260.71,0.0,Pending,Delivered,2023-08-08
ORD_00548,CUST_054,PROD_SPO_002,STORE_UK,2024-12-13,3,123.75,74.25,Completed,Shipped,2024-12-17
ORD_00549,CUST_033,PROD_TOY_001,STORE_MEXICO,2023-04-26,2,107.16,0.0,Completed,Delivered,2023-04-29
ORD_00550,CUST_033,PROD_SPO_001,STORE_CANADA,2024-06-11,5,496.65,124.16,Completed,Delivered,2024-06-15
ORD_00551,CUST_072,PROD_TOY_001,STORE_FRANCE,2024-02-24,1,107.16,10.72,Completed,Delivered,2024-03-02
ORD_00552,CUST_078,PROD_CLO_003,STORE_MEXICO,2024-10-18,5,322.33,322.33,Completed,Delivered,2024-10-22
ORD_00553,CUST_042,PROD_SPO_003,STORE_INDIA,2024-06-08,1,49.36,4.94,Failed,Cancelled,
ORD_00554,CUST_037,PROD_HOM_005,STORE_UK,2023-08-27,5,437.26,109.31,Pending,Cancelled,
ORD_00555,CUST_079,PROD_TOY_002,STORE_AUSTRALIA,2023-05-21,1,213.97,0.0,Completed,Delivered,2023-05-25
ORD_00556,CUST_041,PROD_ELE_004,STORE_FRANCE,2024-11-17,5,121.15,60.58,Completed,Shipped,2024-11-21
ORD_00557,CUST_096,PROD_TOY_003,STORE_BRAZIL,2024-06-12,2,209.87,0.0,Completed,Delivered,2024-06-15
ORD_00558,CUST_094,PROD_ELE_001,STORE_FRANCE,2025-02-23,5,47.04,0.0,Completed,Delivered,2025-02-28
ORD_00559,CUST_014,PROD_BOO_002,STORE_CANADA,2024-07-05,3,198.88,0.0,Completed,Shipped,2024-07-11
ORD_00560,CUST_098,PROD_BOO_001,STORE_CANADA,2023-12-02,3,149.49,0.0,Completed,Cancelled,
ORD_00561,CUST_050,PROD_ELE_005,STORE_GERMANY,2023-11-17,5,431.77,107.94,Pending,Cancelled,
ORD_00562,CUST_017,PROD_BOO_004,STORE_BRAZIL,2023-08-30,1,156.9,0.0,Completed,Delivered,2023-09-04
ORD_00563,CUST_060,PROD_SPO_005,STORE_FRANCE,2024-09-20,2,467.79,0.0,Failed,Cancelled,
ORD_00564,CUST_023,PROD_TOY_003,STORE_MEXICO,2024-06-18,5,209.87,209.87,Pending,Processing,
ORD_00565,CUST_082,PROD_SPO_005,STORE_FRANCE,2024-02-27,2,467.79,187.12,Completed,Delivered,2024-03-03
ORD_00566,CUST_040,PROD_GRO_004,STORE_AUSTRALIA,2023-11-30,1,383.79,19.19,Completed,Delivered,2023-12-06
ORD_00567,CUST_098,PROD_BOO_004,STORE_JAPAN,2023-12-27,2,156.9,62.76,Completed,Cancelled,
ORD_00568,CUST_063,PROD_SPO_001,STORE_FRANCE,2023-03-18,2,496.65,49.66,Failed,Cancelled,
ORD_00569,CUST_030,PROD_BEA_001,STORE_BRAZIL,2024-03-25,1,373.91,37.39,Failed,Cancelled,
ORD_00570,CUST_056,PROD_HOM_001,STORE_GERMANY,2023-08-23,5,476.49,238.25,Pending,Delivered,2023-08-27
ORD_00571,CUST_011,PROD_HOM_003,STORE_GERMANY,2024-08-19,3,439.96,65.99,Completed,Cancelled,
ORD_00572,CUST_096,PROD_SPO_005,STORE_FRANCE,2024-05-04,1,467.79,0.0,Completed,Delivered,2024-05-08
ORD_00573,CUST_015,PROD_HOM_005,STORE_MEXICO,2024-06-14,1,437.26,87.45,Pending,Delivered,2024-06-18
ORD_00574,CUST_003,PROD_BOO_005,STORE_USA,2024-09-06,1,48.66,0.0,Completed,Delivered,2024-09-10
ORD_00575,CUST_017,PROD_HOM_004,STORE_USA,2023-11-02,1,385.66,0.0,Completed,Shipped,2023-11-05
ORD_00576,CUST_044,PROD_HOM_002,STORE_FRANCE,2024-07-31,1,69.14,6.91,Completed,Delivered,2024-08-02
ORD_00577,CUST_097,PROD_BOO_005,STORE_USA,2023-12-06,2,48.66,0.0,Failed,Cancelled,
ORD_00578,CUST_061,PROD_CLO_002,STORE_GERMANY,2023-11-20,2,194.17,0.0,Completed,Cancelled,
ORD_00579,CUST_032,PROD_GRO_005,STORE_INDIA,2023-11-17,5,260.71,0.0,Completed,Shipped,2023-11-24
ORD_00580,CUST_099,PROD_BOO_002,STORE_BRAZIL,2025-01-18,1,198.88,19.89,Pending,Cancelled,
ORD_00581,CUST_040,PROD_GRO_001,STORE_UK,2024-12-12,5,199.7,0.0,Failed,Cancelled,
ORD_00582,CUST_067,PROD_BOO_003,STORE_FRANCE,2024-07-13,5,368.19,92.05,Completed,Delivered,2024-07-15
ORD_00583,CUST_086,PROD_CLO_004,STORE_CANADA,2023-11-05,5,198.66,99.33,Completed,Delivered,2023-11-08
ORD_00584,CUST_036,PROD_TOY_003,STORE_CANADA,2024-04-17,1,209.87,0.0,Completed,Processing,
ORD_00585,CUST_089,PROD_SPO_001,STORE_MEXICO,2023-08-14,1,496.65,0.0,Completed,Delivered,2023-08-19
ORD_00586,CUST_012,PROD_TOY_005,STORE_JAPAN,2024-12-08,1,238.91,0.0,Completed,Cancelled,
ORD_00587,CUST_020,PROD_SPO_005,STORE_CANADA,2023-07-15,2,467.79,0.0,Completed,Processing,
ORD_00588,CUST_083,PROD_GRO_003,STORE_INDIA,2023-09-22,1,157.05,15.71,Completed,Cancelled,
ORD_00589,CUST_018,PROD_ELE_002,STORE_USA,2024-07-17,5,256.63,128.31,Failed,Cancelled,
ORD_00590,CUST_038,PROD_SPO_005,STORE_INDIA,2023-09-19,3,467.79,0.0,Failed,Cancelled,
ORD_00591,CUST_045,PROD_GRO_001,STORE_INDIA,2023-12-15,3,199.7,119.82,Completed,Delivered,2023-12-21
ORD_00592,CUST_020,PROD_HOM_004,STORE_FRANCE,2023-12-03,3,385.66,57.85,Pending,Delivered,2023-12-10
ORD_00593,CUST_065,PROD_GRO_005,STORE_UK,2023-03-28,3,260.71,39.11,Failed,Cancelled,
ORD_00594,CUST_031,PROD_GRO_001,STORE_CANADA,2025-01-11,3,199.7,59.91,Completed,Processing,
ORD_00595,CUST_088,PROD_SPO_002,STORE_BRAZIL,2023-08-13,3,123.75,18.56,Completed,Shipped,2023-08-20
ORD_00596,CUST_042,PROD_BOO_003,STORE_CANADA,2024-08-25,5,368.19,0.0,Completed,Delivered,2024-08-28
ORD_00597,CUST_005,PROD_CLO_003,STORE_CANADA,2024-07-18,1,322.33,0.0,Completed,Processing,
ORD_00598,CUST_083,PROD_GRO_005,STORE_INDIA,2024-08-28,3,260.71,156.43,Completed,Delivered,2024-09-01
ORD_00599,CUST_029,PROD_TOY_004,STORE_CANADA,2023-03-22,1,107.06,10.71,Completed,Shipped,2023-03-29
ORD_00600,CUST_008,PROD_GRO_004,STORE_BRAZIL,2024-05-07,1,383.79,0.0,Failed,Cancelled,
ORD_00601,CUST_035,PROD_SPO_004,STORE_USA,2023-05-20,1,49.29,0.0,Completed,Processing,
ORD_00602,CUST_013,PROD_BOO_002,STORE_GERMANY,2024-09-03,2,198.88,0.0,Completed,Processing,
ORD_00603,CUST_085,PROD_ELE_001,STORE_MEXICO,2024-12-08,1,47.04,9.41,Failed,Cancelled,
ORD_00604,CUST_054,PROD_BOO_002,STORE_MEXICO,2024-03-09,5,198.88,99.44,Pending,Delivered,2024-03-12
ORD_00605,CUST_024,PROD_TOY_001,STORE_AUSTRALIA,2024-08-06,1,107.16,0.0,Failed,Cancelled,
ORD_00606,CUST_077,PROD_HOM_004,STORE_JAPAN,2024-01-25,3,385.66,57.85,Completed,Shipped,2024-02-01
ORD_00607,CUST_056,PROD_GRO_001,STORE_MEXICO,2023-11-10,3,199.7,119.82,Completed,Shipped,2023-11-16
ORD_00608,CUST_096,PROD_ELE_002,STORE_JAPAN,2024-06-14,2,256.63,51.33,Completed,Cancelled,
ORD_00609,CUST_005,PROD_ELE_004,STORE_MEXICO,2023-03-25,3,121.15,0.0,Completed,Delivered,2023-03-29
ORD_00610,CUST_029,PROD_CLO_004,STORE_JAPAN,2023-03-31,5,198.66,49.66,Failed,Cancelled,
ORD_00611,CUST_066,PROD_TOY_001,STORE_MEXICO,2024-10-14,1,107.16,0.0,Completed,Shipped,2024-10-18
ORD_00612,CUST_020,PROD_BOO_004,STORE_FRANCE,2024-03-18,3,156.9,0.0,Completed,Delivered,2024-03-22
ORD_00613,CUST_012,PROD_TOY_002,STORE_AUSTRALIA,2024-10-11,1,213.97,0.0,Completed,Shipped,2024-10-14
ORD_00614,CUST_063,PROD_TOY_002,STORE_CANADA,2024-11-07,5,213.97,53.49,Completed,Cancelled,
ORD_00615,CUST_074,PROD_GRO_005,STORE_CANADA,2023-05-05,1,260.71,13.04,Pending,Shipped,2023-05-07
ORD_00616,CUST_099,PROD_CLO_005,STORE_MEXICO,2023-03-20,5,125.86,62.93,Completed,Delivered,2023-03-26
ORD_00617,CUST_006,PROD_GRO_001,STORE_BRAZIL,2024-10-07,1,199.7,9.98,Failed,Cancelled,
ORD_00618,CUST_090,PROD_CLO_005,STORE_UK,2023-04-29,5,125.86,62.93,Pending,Processing,
ORD_00619,CUST_074,PROD_SPO_003,STORE_CANADA,2023-10-22,2,49.36,4.94,Pending,Delivered,2023-10-25
ORD_00620,CUST_044,PROD_BOO_001,STORE_INDIA,2024-10-14,5,149.49,0.0,Failed,Cancelled,
ORD_00621,CUST_052,PROD_ELE_002,STORE_CANADA,2024-04-20,3,256.63,76.99,Completed,Delivered,2024-04-25
ORD_00622,CUST_072,PROD_CLO_003,STORE_INDIA,2024-04-16,5,322.33,322.33,Completed,Processing,
ORD_00623,CUST_079,PROD_SPO_004,STORE_GERMANY,2023-11-12,1,49.29,2.46,Pending,Delivered,2023-11-19
ORD_00624,CUST_074,PROD_BOO_001,STORE_CANADA,2025-01-24,2,149.49,29.9,Completed,Delivered,2025-01-27
ORD_00625,CUST_042,PROD_GRO_003,STORE_MEXICO,2025-01-08,1,157.05,7.85,Completed,Delivered,2025-01-14
ORD_00626,CUST_057,PROD_TOY_005,STORE_UK,2024-06-02,1,238.91,0.0,Completed,Cancelled,
ORD_00627,CUST_048,PROD_BOO_005,STORE_CANADA,2023-07-02,5,48.66,0.0,Completed,Processing,
ORD_00628,CUST_019,PROD_ELE_004,STORE_USA,2024-02-23,5,121.15,0.0,Completed,Shipped,2024-02-28
ORD_00629,CUST_003,PROD_GRO_002,STORE_GERMANY,2024-09-09,1,363.83,0.0,Failed,Cancelled,
ORD_00630,CUST_067,PROD_ELE_002,STORE_BRAZIL,2024-07-15,3,256.63,0.0,Completed,Shipped,2024-07-21
ORD_00631,CUST_085,PROD_SPO_004,STORE_USA,2023-11-25,1,49.29,0.0,Completed,Delivered,2023-12-02
ORD_00632,CUST_080,PROD_ELE_003,STORE_USA,2024-06-27,5,134.37,0.0,Completed,Shipped,2024-07-04
ORD_00633,CUST_035,PROD_GRO_004,STORE_CANADA,2023-03-28,1,383.79,38.38,Completed,Shipped,2023-04-03
ORD_00634,CUST_091,PROD_BOO_002,STORE_JAPAN,2024-07-17,3,198.88,119.33,Completed,Delivered,2024-07-20
ORD_00635,CUST_065,PROD_HOM_005,STORE_BRAZIL,2025-03-07,1,437.26,0.0,Completed,Processing,
ORD_00636,CUST_040,PROD_GRO_002,STORE_INDIA,2024-04-14,5,363.83,0.0,Completed,Delivered,2024-04-21
ORD_00637,CUST_046,PROD_GRO_003,STORE_FRANCE,2023-11-05,3,157.05,23.56,Completed,Cancelled,
ORD_00638,CUST_033,PROD_GRO_005,STORE_USA,2024-09-27,1,260.71,0.0,Completed,Delivered,2024-10-02
ORD_00639,CUST_085,PROD_BOO_004,STORE_CANADA,2024-04-03,3,156.9,94.14,Completed,Shipped,2024-04-06
ORD_00640,CUST_074,PROD_BOO_005,STORE_AUSTRALIA,2024-01-22,3,48.66,7.3,Pending,Processing,
ORD_00641,CUST_017,PROD_CLO_004,STORE_UK,2024-10-23,3,198.66,0.0,Completed,Delivered,2024-10-30
ORD_00642,CUST_091,PROD_SPO_004,STORE_UK,2024-05-22,1,49.29,9.86,Completed,Delivered,2024-05-24
ORD_00643,CUST_072,PROD_SPO_005,STORE_CANADA,2023-09-13,1,467.79,0.0,Completed,Delivered,2023-09-18
ORD_00644,CUST_053,PROD_ELE_005,STORE_INDIA,2024-12-20,5,431.77,107.94,Completed,Delivered,2024-12-22
ORD_00645,CUST_017,PROD_CLO_002,STORE_USA,2024-11-24,3,194.17,29.13,Failed,Cancelled,
ORD_00646,CUST_073,PROD_TOY_005,STORE_GERMANY,2024-11-08,1,238.91,0.0,Completed,Delivered,2024-11-10
ORD_00647,CUST_089,PROD_SPO_001,STORE_UK,2024-08-04,3,496.65,149.0,Completed,Delivered,2024-08-09
ORD_00648,CUST_063,PROD_SPO_001,STORE_UK,2023-08-23,1,496.65,0.0,Completed,Shipped,2023-08-25
ORD_00649,CUST_035,PROD_HOM_002,STORE_GERMANY,2025-01-24,1,69.14,0.0,Completed,Delivered,2025-01-29
ORD_00650,CUST_079,PROD_SPO_002,STORE_JAPAN,2024-06-19,1,123.75,12.38,Pending,Delivered,2024-06-25
ORD_00651,CUST_095,PROD_GRO_005,STORE_JAPAN,2024-04-15,3,260.71,156.43,Failed,Cancelled,
ORD_00652,CUST_069,PROD_SPO_004,STORE_USA,2024-08-23,1,49.29,4.93,Pending,Delivered,2024-08-26
ORD_00653,CUST_067,PROD_SPO_005,STORE_AUSTRALIA,2023-04-18,3,467.79,140.34,Failed,Cancelled,
ORD_00654,CUST_098,PROD_BEA_004,STORE_GERMANY,2024-01-01,2,329.54,65.91,Completed,Delivered,2024-01-06
ORD_00655,CUST_022,PROD_HOM_003,STORE_FRANCE,2024-11-25,1,439.96,87.99,Completed,Shipped,2024-12-02
ORD_00656,CUST_058,PROD_BOO_001,STORE_BRAZIL,2023-07-02,1,149.49,29.9,Failed,Cancelled,
ORD_00657,CUST_018,PROD_HOM_001,STORE_AUSTRALIA,2024-02-03,2,476.49,0.0,Completed,Shipped,2024-02-09
ORD_00658,CUST_092,PROD_CLO_003,STORE_INDIA,2023-06-09,1,322.33,16.12,Completed,Cancelled,
ORD_00659,CUST_094,PROD_BOO_003,STORE_CANADA,2023-07-03,5,368.19,184.1,Completed,Delivered,2023-07-09
ORD_00660,CUST_091,PROD_GRO_005,STORE_BRAZIL,2024-11-24,1,260.71,26.07,Failed,Cancelled,
ORD_00661,CUST_049,PROD_BEA_003,STORE_UK,2024-02-15,3,60.35,0.0,Completed,Delivered,2024-02-18
ORD_00662,CUST_099,PROD_BEA_004,STORE_AUSTRALIA,2024-01-18,1,329.54,32.95,Completed,Cancelled,
ORD_00663,CUST_024,PROD_BOO_003,STORE_UK,2023-10-02,1,368.19,73.64,Completed,Delivered,2023-10-07
ORD_00664,CUST_064,PROD_SPO_002,STORE_BRAZIL,2023-03-14,3,123.75,37.12,Completed,Delivered,2023-03-20
ORD_00665,CUST_085,PROD_SPO_001,STORE_INDIA,2024-05-01,2,496.65,0.0,Failed,Cancelled,
ORD_00666,CUST_077,PROD_BEA_001,STORE_GERMANY,2024-09-19,1,373.91,74.78,Failed,Cancelled,
ORD_00667,CUST_027,PROD_BEA_004,STORE_UK,2023-08-07,1,329.54,16.48,Completed,Delivered,2023-08-09
ORD_00668,CUST_086,PROD_TOY_002,STORE_MEXICO,2024-01-08,1,213.97,0.0,Completed,Delivered,2024-01-13
ORD_00669,CUST_023,PROD_CLO_001,STORE_FRANCE,2024-11-23,5,434.38,434.38,Failed,Cancelled,
ORD_00670,CUST_072,PROD_CLO_002,STORE_INDIA,2024-10-21,1,194.17,0.0,Completed,Delivered,2024-10-25
ORD_00671,CUST_048,PROD_GRO_005,STORE_CANADA,2024-05-19,3,260.71,0.0,Completed,Shipped,2024-05-22
ORD_00672,CUST_016,PROD_ELE_003,STORE_JAPAN,2024-08-29,2,134.37,53.75,Completed,Cancelled,
ORD_00673,CUST_027,PROD_TOY_005,STORE_USA,2023-06-28,3,238.91,143.35,Completed,Shipped,2023-07-05
ORD_00674,CUST_089,PROD_TOY_004,STORE_FRANCE,2024-05-19,3,107.06,16.06,Completed,Processing,
ORD_00675,CUST_074,PROD_TOY_005,STORE_JAPAN,2023-07-19,3,238.91,143.35,Pending,Processing,
ORD_00676,CUST_094,PROD_SPO_002,STORE_INDIA,2023-09-09,3,123.75,0.0,Completed,Delivered,2023-09-11
ORD_00677,CUST_016,PROD_BEA_002,STORE_INDIA,2024-12-08,1,373.48,0.0,Failed,Cancelled,
ORD_00678,CUST_054,PROD_HOM_002,STORE_USA,2024-02-13,1,69.14,13.83,Completed,Delivered,2024-02-20
ORD_00679,CUST_026,PROD_ELE_004,STORE_FRANCE,2023-05-17,1,121.15,6.06,Failed,Cancelled,
ORD_00680,CUST_071,PROD_GRO_001,STORE_USA,2023-07-03,5,199.7,49.92,Completed,Shipped,2023-07-10
ORD_00681,CUST_073,PROD_TOY_005,STORE_USA,2023-09-04,1,238.91,11.95,Completed,Cancelled,
ORD_00682,CUST_062,PROD_SPO_001,STORE_USA,2024-12-29,1,496.65,49.66,Completed,Cancelled,
ORD_00683,CUST_059,PROD_SPO_005,STORE_JAPAN,2024-06-24,2,467.79,0.0,Failed,Cancelled,
ORD_00684,CUST_039,PROD_TOY_002,STORE_JAPAN,2024-09-27,3,213.97,0.0,Completed,Processing,
ORD_00685,CUST_088,PROD_GRO_002,STORE_JAPAN,2023-05-15,1,363.83,18.19,Completed,Delivered,2023-05-20
ORD_00686,CUST_081,PROD_SPO_005,STORE_UK,2024-10-13,3,467.79,140.34,Completed,Processing,
ORD_00687,CUST_015,PROD_ELE_005,STORE_JAPAN,2025-03-04,1,431.77,21.59,Pending,Delivered,2025-03-09
ORD_00688,CUST_031,PROD_GRO_004,STORE_INDIA,2024-01-12,1,383.79,76.76,Completed,Delivered,2024-01-14
ORD_00689,CUST_048,PROD_BEA_003,STORE_GERMANY,2023-06-11,2,60.35,24.14,Completed,Shipped,2023-06-17
ORD_00690,CUST_020,PROD_CLO_003,STORE_JAPAN,2024-07-16,5,322.33,322.33,Completed,Delivered,2024-07-19
ORD_00691,CUST_099,PROD_BOO_002,STORE_BRAZIL,2025-01-29,1,198.88,0.0,Completed,Shipped,2025-02-03
ORD_00692,CUST_092,PROD_SPO_004,STORE_CANADA,2023-03-13,1,49.29,0.0,Failed,Cancelled,
ORD_00693,CUST_012,PROD_GRO_002,STORE_INDIA,2023-04-25,1,363.83,72.77,Completed,Delivered,2023-05-01
ORD_00694,CUST_098,PROD_ELE_005,STORE_GERMANY,2024-01-31,1,431.77,0.0,Completed,Delivered,2024-02-06
ORD_00695,CUST_041,PROD_HOM_004,STORE_CANADA,2023-12-13,1,385.66,0.0,Completed,Delivered,2023-12-15
ORD_00696,CUST_080,PROD_TOY_001,STORE_BRAZIL,2023-06-21,1,107.16,21.43,Completed,Processing,
ORD_00697,CUST_041,PROD_ELE_003,STORE_UK,2025-02-27,1,134.37,26.87,Completed,Delivered,2025-03-01
ORD_00698,CUST_040,PROD_TOY_005,STORE_JAPAN,2024-09-12,2,238.91,0.0,Completed,Delivered,2024-09-17
ORD_00699,CUST_087,PROD_BEA_004,STORE_CANADA,2024-04-04,1,329.54,0.0,Pending,Shipped,2024-04-07
ORD_00700,CUST_091,PROD_TOY_004,STORE_MEXICO,2024-12-12,5,107.06,53.53,Failed,Cancelled,
ORD_00701,CUST_046,PROD_ELE_005,STORE_JAPAN,2023-09-27,5,431.77,431.77,Completed,Shipped,2023-10-03
ORD_00702,CUST_017,PROD_BOO_001,STORE_INDIA,2023-06-16,2,149.49,14.95,Pending,Shipped,2023-06-19
ORD_00703,CUST_029,PROD_BOO_005,STORE_MEXICO,2023-11-28,1,48.66,4.87,Completed,Cancelled,
ORD_00704,CUST_086,PROD_GRO_002,STORE_JAPAN,2024-06-15,2,363.83,0.0,Completed,Shipped,2024-06-17
ORD_00705,CUST_045,PROD_SPO_001,STORE_INDIA,2023-08-30,1,496.65,24.83,Failed,Cancelled,
ORD_00706,CUST_074,PROD_BOO_004,STORE_BRAZIL,2023-06-22,2,156.9,0.0,Completed,Processing,
ORD_00707,CUST_084,PROD_BEA_005,STORE_FRANCE,2024-09-04,2,149.64,29.93,Failed,Cancelled,
ORD_00708,CUST_053,PROD_ELE_001,STORE_MEXICO,2023-11-13,3,47.04,0.0,Pending,Shipped,2023-11-15
ORD_00709,CUST_044,PROD_CLO_004,STORE_MEXICO,2024-05-23,2,198.66,79.46,Completed,Processing,
ORD_00710,CUST_089,PROD_ELE_001,STORE_UK,2025-01-15,5,47.04,0.0,Failed,Cancelled,
ORD_00711,CUST_063,PROD_BOO_003,STORE_MEXICO,2024-11-08,2,368.19,36.82,Failed,Cancelled,
ORD_00712,CUST_013,PROD_HOM_004,STORE_UK,2024-01-18,2,385.66,0.0,Failed,Cancelled,
ORD_00713,CUST_014,PROD_TOY_004,STORE_AUSTRALIA,2024-02-07,2,107.06,0.0,Completed,Delivered,2024-02-10
ORD_00714,CUST_075,PROD_BEA_001,STORE_UK,2025-01-13,1,373.91,37.39,Failed,Cancelled,
ORD_00715,CUST_038,PROD_GRO_005,STORE_MEXICO,2024-10-20,2,260.71,0.0,Completed,Cancelled,
ORD_00716,CUST_041,PROD_ELE_005,STORE_MEXICO,2025-02-01,1,431.77,43.18,Completed,Delivered,2025-02-07
ORD_00717,CUST_002,PROD_TOY_005,STORE_BRAZIL,2024-04-25,1,238.91,11.95,Completed,Delivered,2024-05-01
ORD_00718,CUST_007,PROD_BEA_001,STORE_BRAZIL,2024-03-10,1,373.91,18.7,Completed,Delivered,2024-03-15
ORD_00719,CUST_090,PROD_TOY_003,STORE_AUSTRALIA,2024-12-08,1,209.87,20.99,Pending,Shipped,2024-12-13
ORD_00720,CUST_070,PROD_CLO_004,STORE_UK,2024-07-07,1,198.66,0.0,Failed,Cancelled,
ORD_00721,CUST_050,PROD_GRO_004,STORE_AUSTRALIA,2023-08-13,1,383.79,0.0,Completed,Delivered,2023-08-15
ORD_00722,CUST_083,PROD_BEA_002,STORE_UK,2024-07-19,5,373.48,186.74,Completed,Delivered,2024-07-22
ORD_00723,CUST_083,PROD_HOM_002,STORE_INDIA,2025-02-18,3,69.14,20.74,Failed,Cancelled,
ORD_00724,CUST_024,PROD_HOM_005,STORE_BRAZIL,2024-05-16,3,437.26,131.18,Pending,Delivered,2024-05-19
ORD_00725,CUST_024,PROD_HOM_003,STORE_MEXICO,2023-03-16,3,439.96,131.99,Completed,Cancelled,
ORD_00726,CUST_065,PROD_ELE_003,STORE_AUSTRALIA,2024-09-18,3,134.37,20.16,Completed,Delivered,2024-09-24
ORD_00727,CUST_062,PROD_GRO_004,STORE_CANADA,2024-10-23,2,383.79,0.0,Completed,Cancelled,
ORD_00728,CUST_094,PROD_SPO_004,STORE_FRANCE,2024-06-27,3,49.29,0.0,Failed,Cancelled,
ORD_00729,CUST_079,PROD_BOO_001,STORE_GERMANY,2024-07-04,5,149.49,0.0,Failed,Cancelled,
ORD_00730,CUST_075,PROD_ELE_005,STORE_MEXICO,2023-05-02,1,431.77,86.35,Completed,Shipped,2023-05-07
ORD_00731,CUST_066,PROD_SPO_001,STORE_MEXICO,2024-02-11,2,496.65,49.66,Completed,Delivered,2024-02-14
ORD_00732,CUST_005,PROD_TOY_004,STORE_FRANCE,2024-10-06,1,107.06,0.0,Pending,Processing,
ORD_00733,CUST_022,PROD_TOY_002,STORE_USA,2025-01-09,1,213.97,42.79,Completed,Delivered,2025-01-14
ORD_00734,CUST_011,PROD_BOO_004,STORE_BRAZIL,2023-05-26,1,156.9,7.85,Completed,Processing,
ORD_00735,CUST_036,PROD_ELE_003,STORE_FRANCE,2023-03-23,5,134.37,0.0,Failed,Cancelled,
ORD_00736,CUST_023,PROD_TOY_003,STORE_UK,2025-01-11,2,209.87,20.99,Completed,Delivered,2025-01-18
ORD_00737,CUST_031,PROD_SPO_002,STORE_UK,2024-08-30,1,123.75,6.19,Completed,Delivered,2024-09-05
ORD_00738,CUST_020,PROD_SPO_002,STORE_AUSTRALIA,2024-04-04,1,123.75,12.38,Completed,Delivered,2024-04-10
ORD_00739,CUST_094,PROD_GRO_003,STORE_USA,2024-12-25,1,157.05,0.0,Completed,Delivered,2024-12-30
ORD_00740,CUST_052,PROD_SPO_001,STORE_FRANCE,2024-07-08,5,496.65,496.65,Completed,Shipped,2024-07-15
ORD_00741,CUST_091,PROD_GRO_005,STORE_INDIA,2023-12-02,1,260.71,52.14,Pending,Delivered,2023-12-06
ORD_00742,CUST_058,PROD_GRO_005,STORE_JAPAN,2024-09-01,5,260.71,0.0,Completed,Processing,
ORD_00743,CUST_082,PROD_GRO_003,STORE_AUSTRALIA,2024-11-23,5,157.05,39.26,Completed,Delivered,2024-11-27
ORD_00744,CUST_013,PROD_ELE_002,STORE_MEXICO,2024-04-12,2,256.63,0.0,Failed,Cancelled,
ORD_00745,CUST_099,PROD_CLO_003,STORE_BRAZIL,2024-02-17,5,322.33,0.0,Completed,Processing,
ORD_00746,CUST_002,PROD_BEA_001,STORE_CANADA,2023-03-21,2,373.91,0.0,Failed,Cancelled,
ORD_00747,CUST_014,PROD_HOM_004,STORE_JAPAN,2023-10-19,5,385.66,96.42,Completed,Delivered,2023-10-21
ORD_00748,CUST_004,PROD_TOY_005,STORE_CANADA,2023-05-06,3,238.91,0.0,Failed,Cancelled,
ORD_00749,CUST_082,PROD_BOO_003,STORE_CANADA,2023-06-05,3,368.19,0.0,Pending,Cancelled,
ORD_00750,CUST_098,PROD_TOY_002,STORE_UK,2023-06-30,5,213.97,0.0,Completed,Delivered,2023-07-05
ORD_00751,CUST_085,PROD_BEA_005,STORE_INDIA,2023-12-17,2,149.64,14.96,Completed,Delivered,2023-12-19
ORD_00752,CUST_036,PROD_BEA_004,STORE_AUSTRALIA,2024-04-09,1,329.54,0.0,Completed,Delivered,2024-04-12
ORD_00753,CUST_057,PROD_BEA_005,STORE_INDIA,2023-09-30,3,149.64,44.89,Completed,Cancelled,
ORD_00754,CUST_063,PROD_BOO_002,STORE_UK,2024-09-12,2,198.88,0.0,Failed,Cancelled,
ORD_00755,CUST_083,PROD_BOO_002,STORE_INDIA,2023-11-29,1,198.88,0.0,Completed,Delivered,2023-12-05
ORD_00756,CUST_094,PROD_ELE_002,STORE_INDIA,2023-03-28,2,256.63,0.0,Completed,Delivered,2023-04-04
ORD_00757,CUST_050,PROD_ELE_003,STORE_UK,2025-02-22,1,134.37,13.44,Failed,Cancelled,
ORD_00758,CUST_001,PROD_SPO_003,STORE_INDIA,2024-07-10,2,49.36,9.87,Completed,Processing,
ORD_00759,CUST_029,PROD_BEA_001,STORE_AUSTRALIA,2025-02-11,2,373.91,0.0,Failed,Cancelled,
ORD_00760,CUST_069,PROD_GRO_003,STORE_JAPAN,2025-02-04,1,157.05,15.71,Completed,Cancelled,
ORD_00761,CUST_083,PROD_BOO_001,STORE_JAPAN,2024-09-06,1,149.49,0.0,Pending,Delivered,2024-09-13
ORD_00762,CUST_026,PROD_CLO_002,STORE_BRAZIL,2023-04-18,2,194.17,0.0,Completed,Cancelled,
ORD_00763,CUST_050,PROD_BOO_002,STORE_JAPAN,2024-07-19,1,198.88,19.89,Completed,Delivered,2024-07-21
ORD_00764,CUST_025,PROD_BEA_002,STORE_MEXICO,2023-11-08,2,373.48,74.7,Completed,Processing,
ORD_00765,CUST_083,PROD_ELE_005,STORE_INDIA,2024-09-05,2,431.77,0.0,Completed,Delivered,2024-09-07
ORD_00766,CUST_044,PROD_BEA_003,STORE_AUSTRALIA,2023-07-08,1,60.35,12.07,Pending,Cancelled,
ORD_00767,CUST_069,PROD_BOO_005,STORE_MEXICO,2023-11-02,1,48.66,0.0,Completed,Shipped,2023-11-09
ORD_00768,CUST_003,PROD_SPO_001,STORE_MEXICO,2023-04-24,1,496.65,0.0,Completed,Delivered,2023-05-01
ORD_00769,CUST_007,PROD_ELE_005,STORE_CANADA,2024-06-18,3,431.77,0.0,Failed,Cancelled,
ORD_00770,CUST_009,PROD_BOO_002,STORE_CANADA,2024-07-30,3,198.88,119.33,Completed,Delivered,2024-08-02
ORD_00771,CUST_055,PROD_GRO_002,STORE_AUSTRALIA,2024-02-04,1,363.83,72.77,Failed,Cancelled,
ORD_00772,CUST_018,PROD_GRO_001,STORE_GERMANY,2023-04-24,3,199.7,0.0,Completed,Delivered,2023-04-26
ORD_00773,CUST_036,PROD_BOO_005,STORE_AUSTRALIA,2023-08-28,5,48.66,12.16,Failed,Cancelled,
ORD_00774,CUST_022,PROD_HOM_004,STORE_GERMANY,2024-10-24,1,385.66,0.0,Completed,Cancelled,
ORD_00775,CUST_079,PROD_GRO_005,STORE_UK,2023-03-25,2,260.71,0.0,Completed,Delivered,2023-03-28
ORD_00776,CUST_012,PROD_TOY_003,STORE_FRANCE,2024-05-08,5,209.87,104.94,Completed,Delivered,2024-05-11
ORD_00777,CUST_082,PROD_ELE_003,STORE_BRAZIL,2024-06-12,2,134.37,0.0,Completed,Processing,
ORD_00778,CUST_089,PROD_BEA_003,STORE_MEXICO,2023-09-09,5,60.35,30.18,Failed,Cancelled,
ORD_00779,CUST_012,PROD_ELE_005,STORE_JAPAN,2024-05-10,1,431.77,86.35,Completed,Delivered,2024-05-12
ORD_00780,CUST_068,PROD_BOO_002,STORE_MEXICO,2024-03-13,3,198.88,119.33,Completed,Shipped,2024-03-20
ORD_00781,CUST_085,PROD_CLO_004,STORE_FRANCE,2023-05-02,1,198.66,0.0,Completed,Cancelled,
ORD_00782,CUST_061,PROD_SPO_002,STORE_UK,2023-08-19,5,123.75,0.0,Completed,Cancelled,
ORD_00783,CUST_047,PROD_ELE_004,STORE_GERMANY,2024-05-27,1,121.15,6.06,Failed,Cancelled,
ORD_00784,CUST_098,PROD_HOM_005,STORE_USA,2023-06-23,5,437.26,0.0,Failed,Cancelled,
ORD_00785,CUST_023,PROD_CLO_001,STORE_USA,2024-07-17,3,434.38,0.0,Completed,Delivered,2024-07-24
ORD_00786,CUST_057,PROD_TOY_003,STORE_MEXICO,2024-02-05,2,209.87,0.0,Completed,Delivered,2024-02-07
ORD_00787,CUST_042,PROD_CLO_005,STORE_CANADA,2023-11-06,5,125.86,62.93,Completed,Shipped,2023-11-09
ORD_00788,CUST_010,PROD_SPO_001,STORE_MEXICO,2024-07-17,1,496.65,49.66,Completed,Delivered,2024-07-23
ORD_00789,CUST_059,PROD_CLO_002,STORE_AUSTRALIA,2024-03-25,1,194.17,19.42,Completed,Cancelled,
ORD_00790,CUST_046,PROD_ELE_003,STORE_GERMANY,2024-02-15,1,134.37,0.0,Failed,Cancelled,
ORD_00791,CUST_008,PROD_ELE_003,STORE_UK,2023-06-30,2,134.37,26.87,Pending,Delivered,2023-07-04
ORD_00792,CUST_029,PROD_ELE_004,STORE_MEXICO,2023-08-16,5,121.15,121.15,Completed,Processing,
ORD_00793,CUST_071,PROD_CLO_005,STORE_CANADA,2024-05-03,3,125.86,37.76,Completed,Processing,
ORD_00794,CUST_061,PROD_HOM_005,STORE_FRANCE,2023-03-23,5,437.26,218.63,Completed,Delivered,2023-03-27
ORD_00795,CUST_056,PROD_TOY_003,STORE_GERMANY,2024-11-03,1,209.87,41.97,Completed,Shipped,2024-11-05
ORD_00796,CUST_006,PROD_SPO_001,STORE_BRAZIL,2023-04-12,2,496.65,198.66,Pending,Shipped,2023-04-19
ORD_00797,CUST_013,PROD_HOM_004,STORE_INDIA,2023-11-10,1,385.66,77.13,Completed,Cancelled,
ORD_00798,CUST_094,PROD_HOM_002,STORE_GERMANY,2023-07-22,1,69.14,3.46,Completed,Cancelled,
ORD_00799,CUST_012,PROD_BEA_002,STORE_INDIA,2025-01-22,1,373.48,0.0,Pending,Processing,
ORD_00800,CUST_096,PROD_TOY_003,STORE_USA,2024-06-16,2,209.87,0.0,Pending,Delivered,2024-06-20
ORD_00801,CUST_081,PROD_HOM_005,STORE_USA,2024-12-10,1,437.26,43.73,Completed,Processing,
ORD_00802,CUST_005,PROD_ELE_004,STORE_AUSTRALIA,2023-12-10,5,121.15,121.15,Failed,Cancelled,
ORD_00803,CUST_074,PROD_CLO_004,STORE_CANADA,2024-12-03,1,198.66,0.0,Failed,Cancelled,
ORD_00804,CUST_087,PROD_GRO_004,STORE_USA,2023-06-30,2,383.79,38.38,Pending,Processing,
ORD_00805,CUST_006,PROD_GRO_004,STORE_JAPAN,2023-09-04,5,383.79,383.79,Completed,Processing,
ORD_00806,CUST_091,PROD_CLO_004,STORE_UK,2024-02-14,1,198.66,39.73,Completed,Cancelled,
ORD_00807,CUST_062,PROD_TOY_003,STORE_GERMANY,2023-10-25,1,209.87,10.49,Completed,Processing,
ORD_00808,CUST_088,PROD_HOM_003,STORE_FRANCE,2023-05-03,1,439.96,22.0,Completed,Shipped,2023-05-08
ORD_00809,CUST_065,PROD_SPO_004,STORE_CANADA,2024-07-02,5,49.29,49.29,Failed,Cancelled,
ORD_00810,CUST_038,PROD_HOM_004,STORE_MEXICO,2024-03-19,5,385.66,0.0,Completed,Shipped,2024-03-21
ORD_00811,CUST_011,PROD_HOM_001,STORE_UK,2023-12-29,1,476.49,0.0,Completed,Delivered,2023-12-31
ORD_00812,CUST_090,PROD_BOO_005,STORE_INDIA,2023-08-10,1,48.66,9.73,Completed,Delivered,2023-08-15
ORD_00813,CUST_088,PROD_SPO_005,STORE_UK,2024-07-06,1,467.79,46.78,Pending,Cancelled,
ORD_00814,CUST_083,PROD_BEA_002,STORE_FRANCE,2023-09-18,1,373.48,0.0,Completed,Processing,
ORD_00815,CUST_083,PROD_GRO_002,STORE_AUSTRALIA,2024-10-21,1,363.83,18.19,Pending,Processing,
ORD_00816,CUST_086,PROD_SPO_004,STORE_BRAZIL,2024-06-06,2,49.29,4.93,Failed,Cancelled,
ORD_00817,CUST_017,PROD_ELE_005,STORE_UK,2023-11-30,1,431.77,43.18,Completed,Delivered,2023-12-02
ORD_00818,CUST_019,PROD_GRO_003,STORE_FRANCE,2024-06-17,1,157.05,31.41,Completed,Cancelled,
ORD_00819,CUST_069,PROD_ELE_004,STORE_UK,2023-09-04,5,121.15,0.0,Completed,Delivered,2023-09-06
ORD_00820,CUST_006,PROD_GRO_001,STORE_MEXICO,2023-07-16,2,199.7,19.97,Completed,Delivered,2023-07-19
ORD_00821,CUST_072,PROD_BEA_003,STORE_JAPAN,2024-02-24,1,60.35,3.02,Pending,Processing,
ORD_00822,CUST_021,PROD_SPO_005,STORE_FRANCE,2023-07-11,1,467.79,46.78,Pending,Delivered,2023-07-16
ORD_00823,CUST_041,PROD_BOO_005,STORE_USA,2024-09-18,3,48.66,7.3,Completed,Shipped,2024-09-22
ORD_00824,CUST_097,PROD_TOY_002,STORE_UK,2024-10-07,5,213.97,106.99,Completed,Cancelled,
ORD_00825,CUST_015,PROD_SPO_001,STORE_USA,2023-07-29,5,496.65,496.65,Completed,Delivered,2023-07-31
ORD_00826,CUST_052,PROD_TOY_005,STORE_GERMANY,2024-06-07,1,238.91,0.0,Completed,Delivered,2024-06-13
ORD_00827,CUST_083,PROD_CLO_003,STORE_MEXICO,2024-08-29,1,322.33,16.12,Completed,Delivered,2024-08-31
ORD_00828,CUST_069,PROD_HOM_004,STORE_CANADA,2024-08-14,2,385.66,0.0,Pending,Delivered,2024-08-20
ORD_00829,CUST_078,PROD_SPO_003,STORE_USA,2025-01-19,1,49.36,4.94,Completed,Cancelled,
ORD_00830,CUST_055,PROD_GRO_004,STORE_AUSTRALIA,2024-03-24,1,383.79,19.19,Completed,Delivered,2024-03-28
ORD_00831,CUST_058,PROD_TOY_001,STORE_CANADA,2023-10-15,5,107.16,53.58,Pending,Shipped,2023-10-19
ORD_00832,CUST_021,PROD_HOM_003,STORE_AUSTRALIA,2023-07-29,3,439.96,263.98,Completed,Delivered,2023-08-01
ORD_00833,CUST_039,PROD_SPO_001,STORE_BRAZIL,2024-02-15,1,496.65,99.33,Pending,Delivered,2024-02-17
ORD_00834,CUST_053,PROD_ELE_003,STORE_AUSTRALIA,2023-09-04,3,134.37,40.31,Failed,Cancelled,
ORD_00835,CUST_097,PROD_BOO_004,STORE_GERMANY,2023-09-15,2,156.9,15.69,Failed,Cancelled,
ORD_00836,CUST_063,PROD_BEA_003,STORE_FRANCE,2024-10-28,1,60.35,6.04,Failed,Cancelled,
ORD_00837,CUST_095,PROD_HOM_005,STORE_GERMANY,2023-04-05,1,437.26,0.0,Completed,Delivered,2023-04-12
ORD_00838,CUST_082,PROD_SPO_001,STORE_CANADA,2025-01-06,5,496.65,124.16,Pending,Delivered,2025-01-11
ORD_00839,CUST_089,PROD_ELE_001,STORE_USA,2023-07-09,1,47.04,4.7,Completed,Processing,
ORD_00840,CUST_096,PROD_GRO_004,STORE_MEXICO,2024-07-13,3,383.79,115.14,Completed,Cancelled,
ORD_00841,CUST_088,PROD_SPO_001,STORE_CANADA,2024-03-25,3,496.65,297.99,Completed,Delivered,2024-03-28
ORD_00842,CUST_075,PROD_BEA_004,STORE_UK,2024-01-30,2,329.54,0.0,Completed,Delivered,2024-02-01
ORD_00843,CUST_035,PROD_GRO_004,STORE_AUSTRALIA,2024-12-19,1,383.79,0.0,Completed,Delivered,2024-12-25
ORD_00844,CUST_082,PROD_BEA_005,STORE_BRAZIL,2023-09-23,5,149.64,0.0,Completed,Processing,
ORD_00845,CUST_097,PROD_CLO_001,STORE_BRAZIL,2024-02-02,1,434.38,21.72,Completed,Cancelled,
ORD_00846,CUST_090,PROD_GRO_004,STORE_CANADA,2024-09-06,3,383.79,57.57,Completed,Delivered,2024-09-09
ORD_00847,CUST_067,PROD_ELE_004,STORE_JAPAN,2024-07-17,2,121.15,12.12,Completed,Delivered,2024-07-20
ORD_00848,CUST_020,PROD_SPO_003,STORE_GERMANY,2023-09-17,3,49.36,29.62,Failed,Cancelled,
ORD_00849,CUST_069,PROD_TOY_001,STORE_CANADA,2024-05-09,2,107.16,0.0,Completed,Delivered,2024-05-11
ORD_00850,CUST_062,PROD_GRO_003,STORE_FRANCE,2025-02-13,1,157.05,0.0,Pending,Processing,
ORD_00851,CUST_067,PROD_GRO_002,STORE_UK,2025-03-04,1,363.83,0.0,Completed,Delivered,2025-03-07
ORD_00852,CUST_089,PROD_BOO_005,STORE_GERMANY,2024-01-17,1,48.66,0.0,Completed,Delivered,2024-01-22
ORD_00853,CUST_089,PROD_BOO_003,STORE_CANADA,2023-03-28,2,368.19,73.64,Completed,Delivered,2023-03-30
ORD_00854,CUST_005,PROD_SPO_003,STORE_MEXICO,2023-05-08,2,49.36,0.0,Completed,Delivered,2023-05-10
ORD_00855,CUST_039,PROD_BEA_001,STORE_CANADA,2023-07-13,3,373.91,0.0,Failed,Cancelled,
ORD_00856,CUST_026,PROD_CLO_002,STORE_JAPAN,2023-04-07,1,194.17,0.0,Completed,Processing,
ORD_00857,CUST_045,PROD_GRO_003,STORE_UK,2024-08-02,5,157.05,157.05,Completed,Processing,
ORD_00858,CUST_073,PROD_BEA_005,STORE_CANADA,2024-10-21,1,149.64,29.93,Completed,Cancelled,
ORD_00859,CUST_025,PROD_ELE_004,STORE_UK,2024-09-09,1,121.15,0.0,Completed,Processing,
ORD_00860,CUST_091,PROD_SPO_001,STORE_JAPAN,2025-02-20,3,496.65,0.0,Pending,Cancelled,
ORD_00861,CUST_014,PROD_CLO_002,STORE_JAPAN,2024-03-31,2,194.17,0.0,Failed,Cancelled,
ORD_00862,CUST_030,PROD_HOM_002,STORE_CANADA,2024-01-24,1,69.14,6.91,Completed,Processing,
ORD_00863,CUST_018,PROD_SPO_002,STORE_JAPAN,2025-02-27,1,123.75,24.75,Completed,Delivered,2025-03-03
ORD_00864,CUST_064,PROD_BOO_003,STORE_AUSTRALIA,2023-12-24,2,368.19,147.28,Completed,Cancelled,
ORD_00865,CUST_057,PROD_CLO_005,STORE_BRAZIL,2024-04-29,1,125.86,12.59,Completed,Delivered,2024-05-04
ORD_00866,CUST_087,PROD_GRO_004,STORE_UK,2023-03-22,5,383.79,191.9,Completed,Shipped,2023-03-27
ORD_00867,CUST_067,PROD_BOO_001,STORE_CANADA,2023-08-02,2,149.49,29.9,Failed,Cancelled,
ORD_00868,CUST_014,PROD_CLO_001,STORE_CANADA,2024-03-15,1,434.38,21.72,Completed,Processing,
ORD_00869,CUST_052,PROD_BOO_003,STORE_GERMANY,2024-05-16,5,368.19,184.1,Completed,Cancelled,
ORD_00870,CUST_099,PROD_TOY_003,STORE_MEXICO,2023-12-13,5,209.87,104.94,Completed,Shipped,2023-12-20
ORD_00871,CUST_078,PROD_HOM_001,STORE_INDIA,2024-08-13,1,476.49,0.0,Pending,Delivered,2024-08-15
ORD_00872,CUST_033,PROD_SPO_002,STORE_INDIA,2023-10-31,5,123.75,0.0,Completed,Delivered,2023-11-07
ORD_00873,CUST_007,PROD_BEA_005,STORE_INDIA,2025-01-31,1,149.64,0.0,Pending,Processing,
ORD_00874,CUST_087,PROD_GRO_001,STORE_UK,2024-01-13,3,199.7,119.82,Completed,Delivered,2024-01-20
ORD_00875,CUST_097,PROD_SPO_004,STORE_INDIA,2024-06-28,1,49.29,2.46,Pending,Shipped,2024-07-04
ORD_00876,CUST_034,PROD_SPO_005,STORE_JAPAN,2024-09-12,3,467.79,0.0,Completed,Shipped,2024-09-14
ORD_00877,CUST_050,PROD_HOM_004,STORE_JAPAN,2024-03-28,2,385.66,77.13,Completed,Delivered,2024-03-31
ORD_00878,CUST_072,PROD_ELE_005,STORE_UK,2024-07-24,2,431.77,0.0,Completed,Cancelled,
ORD_00879,CUST_050,PROD_SPO_002,STORE_CANADA,2024-10-11,5,123.75,61.88,Failed,Cancelled,
ORD_00880,CUST_088,PROD_SPO_005,STORE_MEXICO,2024-07-02,2,467.79,187.12,Completed,Processing,
ORD_00881,CUST_008,PROD_HOM_001,STORE_FRANCE,2024-07-27,3,476.49,142.95,Failed,Cancelled,
ORD_00882,CUST_087,PROD_GRO_003,STORE_FRANCE,2024-01-31,1,157.05,0.0,Failed,Cancelled,
ORD_00883,CUST_006,PROD_BOO_004,STORE_JAPAN,2024-02-29,5,156.9,156.9,Completed,Cancelled,
ORD_00884,CUST_044,PROD_GRO_005,STORE_CANADA,2024-05-20,1,260.71,13.04,Pending,Delivered,2024-05-22
ORD_00885,CUST_085,PROD_ELE_001,STORE_GERMANY,2023-11-04,5,47.04,11.76,Failed,Cancelled,
ORD_00886,CUST_011,PROD_BEA_005,STORE_FRANCE,2023-07-04,1,149.64,0.0,Completed,Processing,
ORD_00887,CUST_042,PROD_BEA_003,STORE_INDIA,2025-01-10,2,60.35,24.14,Failed,Cancelled,
ORD_00888,CUST_054,PROD_ELE_003,STORE_USA,2025-02-18,2,134.37,53.75,Completed,Delivered,2025-02-23
ORD_00889,CUST_074,PROD_GRO_005,STORE_JAPAN,2024-10-15,1,260.71,26.07,Completed,Cancelled,
ORD_00890,CUST_087,PROD_CLO_004,STORE_JAPAN,2024-07-29,3,198.66,29.8,Completed,Processing,
ORD_00891,CUST_039,PROD_GRO_004,STORE_AUSTRALIA,2023-10-01,2,383.79,0.0,Failed,Cancelled,
ORD_00892,CUST_028,PROD_ELE_004,STORE_FRANCE,2023-04-26,1,121.15,24.23,Pending,Delivered,2023-05-02
ORD_00893,CUST_096,PROD_BOO_001,STORE_MEXICO,2023-06-14,3,149.49,22.42,Completed,Delivered,2023-06-20
ORD_00894,CUST_068,PROD_SPO_001,STORE_AUSTRALIA,2023-10-09,1,496.65,0.0,Completed,Processing,
ORD_00895,CUST_039,PROD_HOM_003,STORE_BRAZIL,2024-01-23,1,439.96,44.0,Pending,Delivered,2024-01-29
ORD_00896,CUST_066,PROD_HOM_005,STORE_BRAZIL,2023-09-09,1,437.26,87.45,Completed,Processing,
ORD_00897,CUST_064,PROD_CLO_004,STORE_INDIA,2023-12-08,5,198.66,198.66,Failed,Cancelled,
ORD_00898,CUST_099,PROD_HOM_003,STORE_MEXICO,2024-12-09,1,439.96,87.99,Completed,Delivered,2024-12-14
ORD_00899,CUST_019,PROD_ELE_001,STORE_UK,2025-02-07,1,47.04,4.7,Pending,Delivered,2025-02-09
ORD_00900,CUST_082,PROD_CLO_004,STORE_AUSTRALIA,2023-12-07,1,198.66,0.0,Completed,Cancelled,
ORD_00901,CUST_077,PROD_ELE_001,STORE_AUSTRALIA,2023-11-08,1,47.04,0.0,Completed,Delivered,2023-11-11
ORD_00902,CUST_040,PROD_HOM_005,STORE_INDIA,2024-10-02,2,437.26,87.45,Completed,Delivered,2024-10-05
ORD_00903,CUST_035,PROD_BOO_004,STORE_USA,2023-11-28,1,156.9,31.38,Completed,Cancelled,
ORD_00904,CUST_006,PROD_SPO_002,STORE_USA,2023-05-04,1,123.75,6.19,Failed,Cancelled,
ORD_00905,CUST_039,PROD_BEA_005,STORE_AUSTRALIA,2024-03-15,5,149.64,0.0,Pending,Cancelled,
ORD_00906,CUST_018,PROD_ELE_001,STORE_CANADA,2024-10-13,5,47.04,47.04,Completed,Processing,
ORD_00907,CUST_086,PROD_TOY_003,STORE_BRAZIL,2023-11-21,2,209.87,0.0,Completed,Processing,
ORD_00908,CUST_016,PROD_GRO_001,STORE_JAPAN,2024-10-27,5,199.7,99.85,Completed,Shipped,2024-10-30
ORD_00909,CUST_019,PROD_BOO_002,STORE_UK,2023-10-14,1,198.88,19.89,Pending,Delivered,2023-10-20
ORD_00910,CUST_008,PROD_SPO_002,STORE_BRAZIL,2024-03-26,5,123.75,0.0,Completed,Processing,
ORD_00911,CUST_055,PROD_SPO_001,STORE_GERMANY,2023-12-18,1,496.65,24.83,Pending,Cancelled,
ORD_00912,CUST_048,PROD_ELE_005,STORE_USA,2024-12-28,3,431.77,0.0,Completed,Cancelled,
ORD_00913,CUST_086,PROD_ELE_001,STORE_FRANCE,2024-09-24,2,47.04,4.7,Completed,Cancelled,
ORD_00914,CUST_016,PROD_SPO_005,STORE_GERMANY,2024-06-04,2,467.79,0.0,Pending,Delivered,2024-06-08
ORD_00915,CUST_012,PROD_ELE_001,STORE_FRANCE,2023-10-10,1,47.04,4.7,Completed,Cancelled,
ORD_00916,CUST_053,PROD_BEA_003,STORE_FRANCE,2023-05-30,2,60.35,12.07,Pending,Delivered,2023-06-06
ORD_00917,CUST_055,PROD_BOO_002,STORE_UK,2025-02-21,1,198.88,39.78,Completed,Delivered,2025-02-26
ORD_00918,CUST_078,PROD_TOY_001,STORE_JAPAN,2024-06-15,5,107.16,0.0,Completed,Cancelled,
ORD_00919,CUST_083,PROD_CLO_002,STORE_INDIA,2024-12-24,1,194.17,0.0,Pending,Delivered,2024-12-31
ORD_00920,CUST_040,PROD_GRO_001,STORE_MEXICO,2023-06-01,1,199.7,0.0,Completed,Processing,
ORD_00921,CUST_092,PROD_BOO_004,STORE_MEXICO,2025-02-08,2,156.9,15.69,Pending,Shipped,2025-02-15
ORD_00922,CUST_018,PROD_ELE_002,STORE_UK,2025-02-09,3,256.63,38.49,Completed,Delivered,2025-02-11
ORD_00923,CUST_054,PROD_GRO_004,STORE_UK,2024-04-14,2,383.79,153.52,Completed,Delivered,2024-04-16
ORD_00924,CUST_072,PROD_TOY_005,STORE_GERMANY,2023-06-08,2,238.91,0.0,Completed,Cancelled,
ORD_00925,CUST_022,PROD_BEA_004,STORE_AUSTRALIA,2024-11-30,2,329.54,131.82,Completed,Delivered,2024-12-02
ORD_00926,CUST_048,PROD_CLO_001,STORE_MEXICO,2023-07-07,1,434.38,86.88,Pending,Shipped,2023-07-14
ORD_00927,CUST_064,PROD_BOO_003,STORE_GERMANY,2025-03-08,1,368.19,0.0,Completed,Delivered,2025-03-15
ORD_00928,CUST_064,PROD_GRO_005,STORE_UK,2024-05-23,1,260.71,52.14,Completed,Delivered,2024-05-30
ORD_00929,CUST_087,PROD_CLO_003,STORE_AUSTRALIA,2023-09-09,2,322.33,0.0,Completed,Delivered,2023-09-13
ORD_00930,CUST_031,PROD_TOY_005,STORE_INDIA,2023-11-18,1,238.91,47.78,Pending,Delivered,2023-11-20
ORD_00931,CUST_061,PROD_BOO_004,STORE_JAPAN,2025-02-15,2,156.9,0.0,Pending,Cancelled,
ORD_00932,CUST_055,PROD_TOY_004,STORE_FRANCE,2023-05-22,1,107.06,21.41,Completed,Delivered,2023-05-26
ORD_00933,CUST_031,PROD_SPO_001,STORE_JAPAN,2024-11-18,5,496.65,496.65,Completed,Delivered,2024-11-22
ORD_00934,CUST_065,PROD_TOY_005,STORE_AUSTRALIA,2024-01-12,2,238.91,23.89,Completed,Processing,
ORD_00935,CUST_006,PROD_TOY_003,STORE_UK,2023-11-30,1,209.87,41.97,Pending,Delivered,2023-12-05
ORD_00936,CUST_017,PROD_BOO_001,STORE_JAPAN,2025-03-05,3,149.49,44.85,Completed,Delivered,2025-03-07
ORD_00937,CUST_041,PROD_BEA_003,STORE_UK,2024-08-01,1,60.35,3.02,Pending,Delivered,2024-08-05
ORD_00938,CUST_079,PROD_ELE_002,STORE_BRAZIL,2024-01-23,2,256.63,0.0,Completed,Cancelled,
ORD_00939,CUST_063,PROD_BOO_005,STORE_BRAZIL,2025-01-10,5,48.66,24.33,Completed,Delivered,2025-01-13
ORD_00940,CUST_007,PROD_CLO_005,STORE_UK,2023-04-14,2,125.86,12.59,Completed,Cancelled,
ORD_00941,CUST_060,PROD_HOM_003,STORE_CANADA,2024-07-27,1,439.96,44.0,Completed,Cancelled,
ORD_00942,CUST_072,PROD_SPO_002,STORE_INDIA,2024-07-25,1,123.75,0.0,Completed,Delivered,2024-07-27
ORD_00943,CUST_027,PROD_ELE_004,STORE_UK,2023-08-28,5,121.15,121.15,Completed,Processing,
ORD_00944,CUST_085,PROD_TOY_003,STORE_GERMANY,2024-10-26,1,209.87,41.97,Failed,Cancelled,
ORD_00945,CUST_024,PROD_HOM_002,STORE_CANADA,2023-11-16,2,69.14,0.0,Completed,Delivered,2023-11-20
ORD_00946,CUST_088,PROD_BOO_003,STORE_AUSTRALIA,2024-03-25,3,368.19,0.0,Completed,Delivered,2024-03-27
ORD_00947,CUST_011,PROD_HOM_005,STORE_INDIA,2024-06-15,5,437.26,109.31,Failed,Cancelled,
ORD_00948,CUST_085,PROD_BEA_001,STORE_JAPAN,2023-04-22,5,373.91,373.91,Pending,Delivered,2023-04-29
ORD_00949,CUST_094,PROD_TOY_002,STORE_UK,2023-10-11,1,213.97,10.7,Completed,Delivered,2023-10-18
ORD_00950,CUST_010,PROD_TOY_001,STORE_MEXICO,2024-04-02,1,107.16,10.72,Completed,Delivered,2024-04-05
ORD_00951,CUST_099,PROD_HOM_001,STORE_CANADA,2023-03-30,1,476.49,0.0,Pending,Shipped,2023-04-03
ORD_00952,CUST_083,PROD_BOO_005,STORE_CANADA,2024-01-08,2,48.66,9.73,Completed,Cancelled,
ORD_00953,CUST_078,PROD_BOO_004,STORE_JAPAN,2025-01-18,1,156.9,7.85,Failed,Cancelled,
ORD_00954,CUST_026,PROD_SPO_002,STORE_INDIA,2024-04-09,2,123.75,12.38,Failed,Cancelled,
ORD_00955,CUST_077,PROD_HOM_003,STORE_CANADA,2024-05-14,1,439.96,87.99,Completed,Shipped,2024-05-21
ORD_00956,CUST_055,PROD_BOO_001,STORE_USA,2024-08-15,1,149.49,14.95,Completed,Cancelled,
ORD_00957,CUST_088,PROD_BOO_005,STORE_INDIA,2024-08-29,5,48.66,48.66,Completed,Delivered,2024-09-03
ORD_00958,CUST_056,PROD_BOO_001,STORE_INDIA,2024-01-10,1,149.49,0.0,Completed,Delivered,2024-01-16
ORD_00959,CUST_055,PROD_ELE_004,STORE_MEXICO,2023-04-26,3,121.15,0.0,Completed,Processing,
ORD_00960,CUST_014,PROD_SPO_003,STORE_AUSTRALIA,2024-05-04,1,49.36,4.94,Failed,Cancelled,
ORD_00961,CUST_033,PROD_GRO_003,STORE_FRANCE,2024-10-28,1,157.05,31.41,Completed,Delivered,2024-11-04
ORD_00962,CUST_085,PROD_HOM_005,STORE_UK,2023-09-11,2,437.26,0.0,Completed,Shipped,2023-09-18
ORD_00963,CUST_039,PROD_GRO_001,STORE_MEXICO,2024-06-16,5,199.7,99.85,Failed,Cancelled,
ORD_00964,CUST_034,PROD_GRO_002,STORE_UK,2023-10-11,1,363.83,0.0,Failed,Cancelled,
ORD_00965,CUST_034,PROD_BOO_002,STORE_AUSTRALIA,2024-09-06,1,198.88,0.0,Pending,Delivered,2024-09-08
ORD_00966,CUST_022,PROD_SPO_001,STORE_INDIA,2025-02-14,2,496.65,198.66,Pending,Delivered,2025-02-20
ORD_00967,CUST_079,PROD_GRO_004,STORE_AUSTRALIA,2024-01-12,1,383.79,0.0,Completed,Delivered,2024-01-15
ORD_00968,CUST_015,PROD_BEA_002,STORE_GERMANY,2023-04-05,1,373.48,37.35,Completed,Cancelled,
ORD_00969,CUST_031,PROD_HOM_003,STORE_BRAZIL,2023-09-20,1,439.96,22.0,Pending,Delivered,2023-09-25
ORD_00970,CUST_055,PROD_BEA_002,STORE_CANADA,2023-08-26,1,373.48,37.35,Pending,Shipped,2023-08-28
ORD_00971,CUST_058,PROD_TOY_003,STORE_GERMANY,2023-10-01,1,209.87,41.97,Pending,Delivered,2023-10-05
ORD_00972,CUST_002,PROD_BOO_002,STORE_AUSTRALIA,2024-05-07,2,198.88,79.55,Failed,Cancelled,
ORD_00973,CUST_094,PROD_TOY_001,STORE_FRANCE,2023-04-15,2,107.16,21.43,Pending,Processing,
ORD_00974,CUST_076,PROD_TOY_005,STORE_INDIA,2023-11-01,5,238.91,0.0,Failed,Cancelled,
ORD_00975,CUST_003,PROD_HOM_003,STORE_MEXICO,2024-01-26,3,439.96,0.0,Completed,Cancelled,
ORD_00976,CUST_054,PROD_SPO_001,STORE_CANADA,2024-07-27,3,496.65,74.5,Pending,Cancelled,
ORD_00977,CUST_056,PROD_BEA_002,STORE_UK,2023-12-28,5,373.48,0.0,Pending,Delivered,2024-01-02
ORD_00978,CUST_030,PROD_SPO_003,STORE_GERMANY,2024-10-30,5,49.36,12.34,Failed,Cancelled,
ORD_00979,CUST_092,PROD_HOM_005,STORE_UK,2024-01-03,5,437.26,218.63,Pending,Cancelled,
ORD_00980,CUST_084,PROD_GRO_004,STORE_INDIA,2023-08-21,3,383.79,0.0,Completed,Cancelled,
ORD_00981,CUST_096,PROD_BOO_001,STORE_INDIA,2023-07-19,1,149.49,0.0,Completed,Processing,
ORD_00982,CUST_063,PROD_BOO_002,STORE_AUSTRALIA,2024-07-26,1,198.88,0.0,Completed,Processing,
ORD_00983,CUST_007,PROD_BEA_002,STORE_JAPAN,2023-12-01,1,373.48,0.0,Completed,Processing,
ORD_00984,CUST_005,PROD_BEA_005,STORE_JAPAN,2024-05-22,1,149.64,29.93,Completed,Delivered,2024-05-28
ORD_00985,CUST_029,PROD_SPO_002,STORE_FRANCE,2024-02-20,1,123.75,0.0,Failed,Cancelled,
ORD_00986,CUST_035,PROD_BOO_005,STORE_BRAZIL,2024-11-16,5,48.66,0.0,Completed,Shipped,2024-11-21
ORD_00987,CUST_097,PROD_BOO_003,STORE_CANADA,2024-11-23,3,368.19,0.0,Failed,Cancelled,
ORD_00988,CUST_006,PROD_SPO_003,STORE_CANADA,2023-08-27,5,49.36,0.0,Completed,Delivered,2023-08-30
ORD_00989,CUST_094,PROD_ELE_004,STORE_INDIA,2024-08-08,2,121.15,0.0,Completed,Cancelled,
ORD_00990,CUST_047,PROD_GRO_002,STORE_UK,2023-07-12,1,363.83,36.38,Pending,Delivered,2023-07-15
ORD_00991,CUST_061,PROD_GRO_002,STORE_FRANCE,2024-08-07,1,363.83,0.0,Completed,Delivered,2024-08-14
ORD_00992,CUST_097,PROD_HOM_002,STORE_JAPAN,2024-12-12,5,69.14,0.0,Completed,Processing,
ORD_00993,CUST_054,PROD_CLO_005,STORE_UK,2024-05-21,2,125.86,25.17,Pending,Processing,
ORD_00994,CUST_088,PROD_GRO_004,STORE_USA,2024-06-04,1,383.79,0.0,Failed,Cancelled,
ORD_00995,CUST_009,PROD_BOO_001,STORE_JAPAN,2024-01-25,2,149.49,0.0,Pending,Delivered,2024-01-30
ORD_00996,CUST_098,PROD_BEA_003,STORE_UK,2024-10-17,1,60.35,12.07,Completed,Shipped,2024-10-22
ORD_00997,CUST_088,PROD_TOY_001,STORE_FRANCE,2024-01-24,1,107.16,0.0,Completed,Processing,
ORD_00998,CUST_079,PROD_BOO_005,STORE_AUSTRALIA,2024-06-07,5,48.66,0.0,Failed,Cancelled,
ORD_00999,CUST_080,PROD_TOY_005,STORE_INDIA,2025-02-20,1,238.91,23.89,Completed,Delivered,2025-02-22
ORD_01000,CUST_005,PROD_SPO_005,STORE_JAPAN,2024-04-11,5,467.79,0.0,Failed,Cancelled,
ORD_01001,CUST_070,PROD_ELE_004,STORE_GERMANY,2023-06-12,3,121.15,72.69,Completed,Processing,
ORD_01002,CUST_044,PROD_CLO_001,STORE_USA,2023-04-06,3,434.38,260.63,Completed,Delivered,2023-04-10
ORD_01003,CUST_093,PROD_HOM_003,STORE_BRAZIL,2023-06-30,5,439.96,0.0,Completed,Delivered,2023-07-07
ORD_01004,CUST_065,PROD_GRO_003,STORE_CANADA,2023-04-26,5,157.05,0.0,Pending,Delivered,2023-05-02
ORD_01005,CUST_095,PROD_BEA_001,STORE_INDIA,2024-02-19,1,373.91,74.78,Failed,Cancelled,
ORD_01006,CUST_092,PROD_SPO_005,STORE_MEXICO,2023-11-03,1,467.79,23.39,Completed,Cancelled,
ORD_01007,CUST_092,PROD_TOY_002,STORE_UK,2024-03-29,3,213.97,0.0,Completed,Delivered,2024-04-04
ORD_01008,CUST_075,PROD_CLO_003,STORE_JAPAN,2024-06-16,1,322.33,0.0,Pending,Shipped,2024-06-18
ORD_01009,CUST_012,PROD_BEA_004,STORE_AUSTRALIA,2023-07-20,2,329.54,0.0,Pending,Delivered,2023-07-24
ORD_01010,CUST_087,PROD_SPO_004,STORE_AUSTRALIA,2024-10-31,3,49.29,29.57,Pending,Delivered,2024-11-06
ORD_01011,CUST_064,PROD_HOM_003,STORE_INDIA,2025-02-11,2,439.96,87.99,Completed,Delivered,2025-02-17
ORD_01012,CUST_017,PROD_SPO_002,STORE_INDIA,2023-07-19,5,123.75,123.75,Failed,Cancelled,
ORD_01013,CUST_016,PROD_CLO_004,STORE_INDIA,2024-07-05,1,198.66,0.0,Failed,Cancelled,
ORD_01014,CUST_048,PROD_BOO_003,STORE_MEXICO,2024-04-30,1,368.19,0.0,Completed,Processing,
ORD_01015,CUST_038,PROD_BEA_003,STORE_BRAZIL,2023-08-12,1,60.35,3.02,Completed,Delivered,2023-08-16
ORD_01016,CUST_038,PROD_SPO_002,STORE_USA,2023-08-02,1,123.75,24.75,Pending,Delivered,2023-08-06
ORD_01017,CUST_037,PROD_CLO_004,STORE_UK,2024-07-21,1,198.66,0.0,Failed,Cancelled,
ORD_01018,CUST_045,PROD_BEA_005,STORE_USA,2024-05-09,2,149.64,59.86,Completed,Processing,
ORD_01019,CUST_058,PROD_GRO_002,STORE_AUSTRALIA,2024-07-07,5,363.83,363.83,Completed,Delivered,2024-07-13
ORD_01020,CUST_082,PROD_HOM_005,STORE_INDIA,2025-01-20,2,437.26,0.0,Completed,Delivered,2025-01-26
ORD_01021,CUST_086,PROD_TOY_005,STORE_AUSTRALIA,2024-04-08,1,238.91,23.89,Completed,Processing,
ORD_01022,CUST_006,PROD_HOM_004,STORE_FRANCE,2024-12-29,1,385.66,0.0,Completed,Processing,
ORD_01023,CUST_081,PROD_ELE_005,STORE_BRAZIL,2024-12-28,1,431.77,86.35,Completed,Delivered,2025-01-03
ORD_01024,CUST_070,PROD_TOY_002,STORE_USA,2024-10-12,3,213.97,0.0,Pending,Processing,
ORD_01025,CUST_003,PROD_BOO_003,STORE_BRAZIL,2023-09-09,1,368.19,18.41,Completed,Delivered,2023-09-16
ORD_01026,CUST_075,PROD_HOM_004,STORE_CANADA,2024-09-05,3,385.66,57.85,Pending,Processing,
ORD_01027,CUST_006,PROD_SPO_002,STORE_USA,2024-02-20,2,123.75,0.0,Pending,Delivered,2024-02-26
ORD_01028,CUST_041,PROD_GRO_005,STORE_FRANCE,2023-06-10,1,260.71,0.0,Failed,Cancelled,
ORD_01029,CUST_022,PROD_ELE_004,STORE_UK,2023-09-12,1,121.15,0.0,Completed,Delivered,2023-09-17
ORD_01030,CUST_087,PROD_CLO_001,STORE_USA,2024-11-27,1,434.38,0.0,Completed,Cancelled,
ORD_01031,CUST_008,PROD_ELE_005,STORE_AUSTRALIA,2023-06-18,1,431.77,0.0,Pending,Delivered,2023-06-22
ORD_01032,CUST_049,PROD_BOO_003,STORE_USA,2023-10-02,1,368.19,73.64,Failed,Cancelled,
ORD_01033,CUST_031,PROD_SPO_002,STORE_BRAZIL,2024-08-06,2,123.75,0.0,Completed,Delivered,2024-08-10
ORD_01034,CUST_060,PROD_TOY_001,STORE_AUSTRALIA,2023-05-15,2,107.16,0.0,Pending,Cancelled,
ORD_01035,CUST_030,PROD_BEA_002,STORE_FRANCE,2024-09-26,3,373.48,0.0,Completed,Processing,
ORD_01036,CUST_084,PROD_BOO_004,STORE_FRANCE,2024-10-10,2,156.9,31.38,Completed,Cancelled,
ORD_01037,CUST_065,PROD_CLO_004,STORE_UK,2024-03-25,3,198.66,0.0,Completed,Processing,
ORD_01038,CUST_055,PROD_TOY_001,STORE_INDIA,2023-04-20,1,107.16,10.72,Failed,Cancelled,
ORD_01039,CUST_038,PROD_CLO_001,STORE_USA,2023-05-09,2,434.38,43.44,Failed,Cancelled,
ORD_01040,CUST_033,PROD_GRO_005,STORE_JAPAN,2024-12-15,1,260.71,52.14,Failed,Cancelled,
ORD_01041,CUST_037,PROD_BEA_003,STORE_UK,2024-09-05,3,60.35,0.0,Completed,Delivered,2024-09-10
ORD_01042,CUST_090,PROD_BOO_003,STORE_UK,2024-09-28,1,368.19,36.82,Completed,Processing,
ORD_01043,CUST_065,PROD_GRO_001,STORE_JAPAN,2024-12-18,1,199.7,19.97,Completed,Delivered,2024-12-25
ORD_01044,CUST_042,PROD_GRO_002,STORE_GERMANY,2024-06-21,3,363.83,54.57,Completed,Cancelled,
ORD_01045,CUST_018,PROD_BEA_001,STORE_MEXICO,2024-07-08,1,373.91,0.0,Completed,Shipped,2024-07-14
ORD_01046,CUST_090,PROD_SPO_002,STORE_AUSTRALIA,2024-09-10,1,123.75,0.0,Failed,Cancelled,
ORD_01047,CUST_004,PROD_HOM_004,STORE_CANADA,2024-03-04,2,385.66,154.26,Completed,Shipped,2024-03-07
ORD_01048,CUST_099,PROD_BEA_001,STORE_CANADA,2024-06-24,1,373.91,0.0,Pending,Delivered,2024-06-27
ORD_01049,CUST_096,PROD_BEA_002,STORE_FRANCE,2025-02-02,5,373.48,93.37,Completed,Delivered,2025-02-08
ORD_01050,CUST_081,PROD_ELE_005,STORE_GERMANY,2023-11-03,2,431.77,43.18,Completed,Delivered,2023-11-08
ORD_01051,CUST_091,PROD_TOY_004,STORE_GERMANY,2023-03-16,1,107.06,10.71,Completed,Delivered,2023-03-22
ORD_01052,CUST_065,PROD_SPO_002,STORE_UK,2024-09-24,1,123.75,24.75,Failed,Cancelled,
ORD_01053,CUST_073,PROD_CLO_002,STORE_CANADA,2024-10-31,1,194.17,0.0,Completed,Delivered,2024-11-06
ORD_01054,CUST_030,PROD_SPO_004,STORE_FRANCE,2023-09-21,5,49.29,0.0,Failed,Cancelled,
ORD_01055,CUST_079,PROD_ELE_002,STORE_BRAZIL,2024-06-15,1,256.63,25.66,Completed,Delivered,2024-06-20
ORD_01056,CUST_053,PROD_ELE_003,STORE_CANADA,2025-02-02,3,134.37,40.31,Pending,Delivered,2025-02-08
ORD_01057,CUST_098,PROD_BEA_003,STORE_GERMANY,2023-04-26,1,60.35,6.04,Failed,Cancelled,
ORD_01058,CUST_058,PROD_GRO_001,STORE_USA,2024-04-13,1,199.7,9.98,Completed,Processing,
ORD_01059,CUST_004,PROD_CLO_005,STORE_AUSTRALIA,2023-05-24,1,125.86,0.0,Completed,Delivered,2023-05-28
ORD_01060,CUST_009,PROD_BOO_002,STORE_USA,2024-07-12,2,198.88,0.0,Failed,Cancelled,
ORD_01061,CUST_081,PROD_GRO_002,STORE_FRANCE,2023-11-17,1,363.83,36.38,Completed,Delivered,2023-11-19
ORD_01062,CUST_043,PROD_SPO_004,STORE_GERMANY,2023-05-22,3,49.29,29.57,Pending,Delivered,2023-05-29
ORD_01063,CUST_058,PROD_TOY_003,STORE_CANADA,2023-06-04,1,209.87,0.0,Pending,Delivered,2023-06-11
ORD_01064,CUST_009,PROD_BOO_004,STORE_USA,2024-06-03,1,156.9,7.85,Failed,Cancelled,
ORD_01065,CUST_081,PROD_HOM_003,STORE_CANADA,2023-06-21,5,439.96,0.0,Failed,Cancelled,
ORD_01066,CUST_007,PROD_ELE_004,STORE_AUSTRALIA,2024-04-23,1,121.15,24.23,Pending,Delivered,2024-04-29
ORD_01067,CUST_085,PROD_TOY_005,STORE_USA,2024-06-15,2,238.91,47.78,Pending,Processing,
ORD_01068,CUST_080,PROD_BOO_002,STORE_JAPAN,2025-01-03,5,198.88,0.0,Pending,Processing,
ORD_01069,CUST_043,PROD_TOY_003,STORE_GERMANY,2023-06-27,1,209.87,0.0,Failed,Cancelled,
ORD_01070,CUST_092,PROD_BEA_005,STORE_MEXICO,2023-09-23,3,149.64,0.0,Failed,Cancelled,
ORD_01071,CUST_033,PROD_GRO_003,STORE_AUSTRALIA,2024-07-13,5,157.05,157.05,Pending,Delivered,2024-07-16
ORD_01072,CUST_018,PROD_BEA_003,STORE_USA,2023-07-17,1,60.35,12.07,Pending,Processing,
ORD_01073,CUST_084,PROD_GRO_003,STORE_FRANCE,2024-10-26,3,157.05,0.0,Completed,Shipped,2024-10-30
ORD_01074,CUST_078,PROD_GRO_002,STORE_FRANCE,2024-03-20,1,363.83,72.77,Failed,Cancelled,
ORD_01075,CUST_085,PROD_BOO_005,STORE_USA,2023-11-07,3,48.66,29.2,Completed,Shipped,2023-11-11
ORD_01076,CUST_026,PROD_CLO_003,STORE_GERMANY,2023-05-18,1,322.33,0.0,Pending,Cancelled,
ORD_01077,CUST_089,PROD_HOM_005,STORE_MEXICO,2025-02-15,1,437.26,87.45,Failed,Cancelled,
ORD_01078,CUST_043,PROD_TOY_005,STORE_FRANCE,2024-05-10,1,238.91,0.0,Completed,Shipped,2024-05-12
ORD_01079,CUST_064,PROD_CLO_005,STORE_USA,2024-12-22,1,125.86,0.0,Pending,Processing,
ORD_01080,CUST_028,PROD_ELE_001,STORE_INDIA,2024-02-11,5,47.04,23.52,Completed,Shipped,2024-02-14
ORD_01081,CUST_001,PROD_GRO_004,STORE_USA,2023-05-23,1,383.79,0.0,Failed,Cancelled,
ORD_01082,CUST_015,PROD_BOO_005,STORE_FRANCE,2024-06-01,1,48.66,9.73,Completed,Delivered,2024-06-03
ORD_01083,CUST_026,PROD_CLO_003,STORE_FRANCE,2023-09-03,1,322.33,16.12,Completed,Delivered,2023-09-09
ORD_01084,CUST_032,PROD_CLO_002,STORE_GERMANY,2023-03-31,1,194.17,9.71,Completed,Delivered,2023-04-07
ORD_01085,CUST_018,PROD_GRO_005,STORE_CANADA,2024-02-18,1,260.71,13.04,Pending,Delivered,2024-02-22
ORD_01086,CUST_048,PROD_CLO_001,STORE_BRAZIL,2024-12-06,2,434.38,0.0,Completed,Delivered,2024-12-09
ORD_01087,CUST_025,PROD_CLO_003,STORE_BRAZIL,2024-03-30,5,322.33,80.58,Completed,Processing,
ORD_01088,CUST_055,PROD_ELE_001,STORE_USA,2024-11-28,3,47.04,0.0,Failed,Cancelled,
ORD_01089,CUST_038,PROD_BOO_005,STORE_JAPAN,2023-11-17,1,48.66,2.43,Completed,Processing,
ORD_01090,CUST_075,PROD_SPO_002,STORE_GERMANY,2023-05-31,2,123.75,49.5,Completed,Delivered,2023-06-06
ORD_01091,CUST_050,PROD_SPO_003,STORE_JAPAN,2024-07-31,3,49.36,14.81,Completed,Delivered,2024-08-07
ORD_01092,CUST_048,PROD_SPO_004,STORE_INDIA,2024-07-27,2,49.29,4.93,Failed,Cancelled,
ORD_01093,CUST_052,PROD_TOY_003,STORE_USA,2023-10-07,1,209.87,0.0,Pending,Delivered,2023-10-12
ORD_01094,CUST_028,PROD_ELE_005,STORE_AUSTRALIA,2024-03-29,3,431.77,0.0,Completed,Delivered,2024-04-04
ORD_01095,CUST_011,PROD_BOO_004,STORE_CANADA,2024-01-05,2,156.9,62.76,Completed,Delivered,2024-01-11
ORD_01096,CUST_006,PROD_HOM_005,STORE_BRAZIL,2024-12-04,1,437.26,43.73,Pending,Shipped,2024-12-09
ORD_01097,CUST_053,PROD_GRO_004,STORE_INDIA,2024-01-27,1,383.79,38.38,Completed,Delivered,2024-02-01
ORD_01098,CUST_030,PROD_ELE_002,STORE_CANADA,2024-03-10,1,256.63,12.83,Failed,Cancelled,
ORD_01099,CUST_066,PROD_SPO_005,STORE_CANADA,2023-12-17,1,467.79,0.0,Completed,Delivered,2023-12-21
ORD_01100,CUST_005,PROD_SPO_005,STORE_GERMANY,2024-02-13,1,467.79,23.39,Completed,Delivered,2024-02-20
ORD_01101,CUST_099,PROD_ELE_003,STORE_GERMANY,2025-02-28,3,134.37,0.0,Failed,Cancelled,
ORD_01102,CUST_034,PROD_BEA_001,STORE_FRANCE,2023-12-22,1,373.91,37.39,Pending,Processing,
ORD_01103,CUST_097,PROD_BEA_001,STORE_INDIA,2025-01-06,3,373.91,0.0,Pending,Delivered,2025-01-09
ORD_01104,CUST_093,PROD_CLO_004,STORE_INDIA,2023-11-03,3,198.66,119.2,Failed,Cancelled,
ORD_01105,CUST_097,PROD_HOM_005,STORE_INDIA,2024-02-20,1,437.26,21.86,Completed,Shipped,2024-02-27
ORD_01106,CUST_054,PROD_CLO_004,STORE_INDIA,2024-06-11,3,198.66,0.0,Completed,Delivered,2024-06-17
ORD_01107,CUST_017,PROD_ELE_005,STORE_USA,2024-08-01,5,431.77,107.94,Completed,Delivered,2024-08-06
ORD_01108,CUST_055,PROD_HOM_001,STORE_BRAZIL,2024-01-09,1,476.49,95.3,Completed,Processing,
ORD_01109,CUST_005,PROD_BOO_004,STORE_UK,2024-02-10,3,156.9,94.14,Failed,Cancelled,
ORD_01110,CUST_074,PROD_HOM_001,STORE_AUSTRALIA,2023-10-04,2,476.49,0.0,Failed,Cancelled,
ORD_01111,CUST_050,PROD_CLO_003,STORE_INDIA,2023-06-28,1,322.33,64.47,Pending,Cancelled,
ORD_01112,CUST_039,PROD_BOO_001,STORE_UK,2023-06-23,5,149.49,149.49,Completed,Delivered,2023-06-30
ORD_01113,CUST_078,PROD_SPO_002,STORE_USA,2023-09-16,1,123.75,0.0,Pending,Delivered,2023-09-19
ORD_01114,CUST_030,PROD_ELE_004,STORE_BRAZIL,2023-05-19,2,121.15,0.0,Completed,Processing,
ORD_01115,CUST_002,PROD_CLO_001,STORE_JAPAN,2024-05-02,2,434.38,0.0,Completed,Delivered,2024-05-08
ORD_01116,CUST_054,PROD_SPO_001,STORE_CANADA,2024-04-10,1,496.65,0.0,Completed,Delivered,2024-04-15
ORD_01117,CUST_091,PROD_SPO_001,STORE_UK,2024-11-16,3,496.65,74.5,Failed,Cancelled,
ORD_01118,CUST_026,PROD_SPO_003,STORE_INDIA,2023-12-16,1,49.36,0.0,Completed,Shipped,2023-12-18
ORD_01119,CUST_052,PROD_TOY_004,STORE_GERMANY,2024-08-28,1,107.06,21.41,Pending,Shipped,2024-09-02
ORD_01120,CUST_074,PROD_BEA_003,STORE_CANADA,2023-12-28,5,60.35,30.18,Completed,Cancelled,
ORD_01121,CUST_092,PROD_ELE_005,STORE_AUSTRALIA,2024-11-25,1,431.77,43.18,Completed,Delivered,2024-12-01
ORD_01122,CUST_094,PROD_HOM_003,STORE_INDIA,2024-04-05,5,439.96,0.0,Failed,Cancelled,
ORD_01123,CUST_013,PROD_HOM_001,STORE_USA,2023-11-09,1,476.49,23.82,Failed,Cancelled,
ORD_01124,CUST_038,PROD_BEA_005,STORE_GERMANY,2024-07-26,2,149.64,59.86,Completed,Delivered,2024-07-28
ORD_01125,CUST_097,PROD_BOO_002,STORE_BRAZIL,2024-02-05,2,198.88,39.78,Completed,Delivered,2024-02-08
ORD_01126,CUST_065,PROD_BEA_003,STORE_INDIA,2023-04-05,1,60.35,6.04,Pending,Delivered,2023-04-12
ORD_01127,CUST_052,PROD_CLO_003,STORE_AUSTRALIA,2023-04-16,1,322.33,16.12,Completed,Cancelled,
ORD_01128,CUST_018,PROD_GRO_001,STORE_INDIA,2024-07-17,2,199.7,0.0,Completed,Processing,
ORD_01129,CUST_085,PROD_ELE_001,STORE_INDIA,2023-07-30,2,47.04,4.7,Completed,Delivered,2023-08-01
ORD_01130,CUST_078,PROD_BOO_002,STORE_UK,2024-01-04,1,198.88,39.78,Pending,Delivered,2024-01-06
ORD_01131,CUST_086,PROD_BEA_001,STORE_FRANCE,2023-08-13,2,373.91,37.39,Completed,Delivered,2023-08-20
ORD_01132,CUST_005,PROD_SPO_005,STORE_GERMANY,2024-06-03,5,467.79,0.0,Failed,Cancelled,
ORD_01133,CUST_083,PROD_BOO_002,STORE_AUSTRALIA,2025-02-12,1,198.88,19.89,Completed,Processing,
ORD_01134,CUST_001,PROD_BEA_004,STORE_AUSTRALIA,2023-10-01,1,329.54,16.48,Completed,Delivered,2023-10-03
ORD_01135,CUST_003,PROD_HOM_002,STORE_USA,2023-03-23,1,69.14,0.0,Completed,Delivered,2023-03-25
ORD_01136,CUST_086,PROD_CLO_001,STORE_UK,2023-04-23,2,434.38,173.75,Completed,Delivered,2023-04-27
ORD_01137,CUST_072,PROD_CLO_003,STORE_MEXICO,2023-10-07,3,322.33,96.7,Pending,Delivered,2023-10-10
ORD_01138,CUST_028,PROD_BOO_002,STORE_JAPAN,2024-02-03,1,198.88,0.0,Pending,Cancelled,
ORD_01139,CUST_041,PROD_BEA_001,STORE_AUSTRALIA,2023-10-12,2,373.91,0.0,Completed,Cancelled,
ORD_01140,CUST_036,PROD_TOY_005,STORE_JAPAN,2023-04-22,1,238.91,0.0,Pending,Delivered,2023-04-28
ORD_01141,CUST_064,PROD_BOO_002,STORE_BRAZIL,2024-10-11,1,198.88,9.94,Completed,Processing,
ORD_01142,CUST_042,PROD_GRO_005,STORE_UK,2024-02-12,1,260.71,13.04,Pending,Delivered,2024-02-16
ORD_01143,CUST_003,PROD_TOY_004,STORE_MEXICO,2024-06-10,2,107.06,42.82,Completed,Processing,
ORD_01144,CUST_076,PROD_BEA_001,STORE_GERMANY,2023-03-30,3,373.91,0.0,Completed,Delivered,2023-04-06
ORD_01145,CUST_055,PROD_ELE_001,STORE_MEXICO,2023-05-29,1,47.04,0.0,Completed,Shipped,2023-06-02
ORD_01146,CUST_026,PROD_BOO_005,STORE_AUSTRALIA,2023-10-04,5,48.66,0.0,Completed,Cancelled,
ORD_01147,CUST_077,PROD_HOM_004,STORE_JAPAN,2023-07-24,1,385.66,19.28,Completed,Processing,
ORD_01148,CUST_054,PROD_ELE_004,STORE_USA,2023-10-29,5,121.15,30.29,Completed,Delivered,2023-11-01
ORD_01149,CUST_070,PROD_BEA_004,STORE_GERMANY,2025-02-09,5,329.54,0.0,Failed,Cancelled,
ORD_01150,CUST_049,PROD_SPO_004,STORE_JAPAN,2023-09-12,2,49.29,0.0,Completed,Shipped,2023-09-14
ORD_01151,CUST_025,PROD_BEA_004,STORE_UK,2023-10-04,1,329.54,0.0,Completed,Processing,
ORD_01152,CUST_071,PROD_CLO_004,STORE_GERMANY,2024-08-09,1,198.66,19.87,Pending,Delivered,2024-08-12
ORD_01153,CUST_093,PROD_CLO_003,STORE_GERMANY,2024-05-16,1,322.33,64.47,Completed,Delivered,2024-05-20
ORD_01154,CUST_074,PROD_HOM_004,STORE_GERMANY,2023-12-12,2,385.66,0.0,Completed,Shipped,2023-12-17
ORD_01155,CUST_022,PROD_SPO_001,STORE_INDIA,2024-05-14,3,496.65,297.99,Pending,Delivered,2024-05-19
ORD_01156,CUST_003,PROD_GRO_005,STORE_AUSTRALIA,2023-06-02,1,260.71,52.14,Failed,Cancelled,
ORD_01157,CUST_020,PROD_TOY_001,STORE_UK,2023-11-27,2,107.16,21.43,Completed,Shipped,2023-12-01
ORD_01158,CUST_049,PROD_TOY_001,STORE_MEXICO,2024-07-13,1,107.16,5.36,Completed,Cancelled,
ORD_01159,CUST_061,PROD_CLO_003,STORE_UK,2023-09-19,1,322.33,0.0,Failed,Cancelled,
ORD_01160,CUST_094,PROD_GRO_004,STORE_INDIA,2024-04-26,2,383.79,76.76,Completed,Shipped,2024-05-01
ORD_01161,CUST_040,PROD_TOY_003,STORE_CANADA,2024-04-30,1,209.87,0.0,Pending,Processing,
ORD_01162,CUST_021,PROD_CLO_003,STORE_AUSTRALIA,2023-11-25,5,322.33,80.58,Failed,Cancelled,
ORD_01163,CUST_091,PROD_SPO_002,STORE_JAPAN,2025-02-19,1,123.75,12.38,Pending,Cancelled,
ORD_01164,CUST_032,PROD_ELE_001,STORE_INDIA,2023-04-13,1,47.04,0.0,Completed,Delivered,2023-04-19
ORD_01165,CUST_059,PROD_BOO_005,STORE_FRANCE,2023-11-17,3,48.66,29.2,Completed,Delivered,2023-11-19
ORD_01166,CUST_099,PROD_BOO_001,STORE_AUSTRALIA,2024-04-19,5,149.49,149.49,Completed,Processing,
ORD_01167,CUST_025,PROD_HOM_003,STORE_UK,2024-05-19,1,439.96,22.0,Failed,Cancelled,
ORD_01168,CUST_069,PROD_GRO_005,STORE_MEXICO,2024-01-18,5,260.71,130.35,Completed,Delivered,2024-01-25
ORD_01169,CUST_074,PROD_GRO_003,STORE_UK,2023-12-09,5,157.05,0.0,Pending,Cancelled,
ORD_01170,CUST_040,PROD_BEA_001,STORE_UK,2024-07-24,1,373.91,0.0,Completed,Cancelled,
ORD_01171,CUST_054,PROD_SPO_004,STORE_AUSTRALIA,2025-01-07,1,49.29,4.93,Completed,Delivered,2025-01-11
ORD_01172,CUST_024,PROD_BOO_004,STORE_GERMANY,2024-07-19,1,156.9,31.38,Completed,Shipped,2024-07-25
ORD_01173,CUST_028,PROD_CLO_002,STORE_GERMANY,2023-05-08,5,194.17,0.0,Completed,Delivered,2023-05-13
ORD_01174,CUST_057,PROD_TOY_005,STORE_CANADA,2024-12-19,1,238.91,0.0,Completed,Delivered,2024-12-24
ORD_01175,CUST_016,PROD_ELE_003,STORE_CANADA,2024-02-22,1,134.37,26.87,Completed,Shipped,2024-02-27
ORD_01176,CUST_087,PROD_BOO_002,STORE_USA,2023-05-10,1,198.88,0.0,Failed,Cancelled,
ORD_01177,CUST_006,PROD_BOO_002,STORE_GERMANY,2024-08-24,1,198.88,19.89,Failed,Cancelled,
ORD_01178,CUST_067,PROD_ELE_003,STORE_INDIA,2024-07-05,1,134.37,26.87,Pending,Delivered,2024-07-09
ORD_01179,CUST_088,PROD_GRO_002,STORE_JAPAN,2023-11-09,1,363.83,36.38,Pending,Processing,
ORD_01180,CUST_008,PROD_GRO_003,STORE_JAPAN,2023-06-19,1,157.05,15.71,Pending,Cancelled,
ORD_01181,CUST_018,PROD_BEA_002,STORE_MEXICO,2023-07-12,3,373.48,56.02,Completed,Delivered,2023-07-17
ORD_01182,CUST_080,PROD_SPO_001,STORE_BRAZIL,2024-05-05,5,496.65,0.0,Completed,Cancelled,
ORD_01183,CUST_042,PROD_BEA_002,STORE_JAPAN,2023-04-24,5,373.48,93.37,Pending,Delivered,2023-04-30
ORD_01184,CUST_063,PROD_HOM_001,STORE_MEXICO,2023-05-31,1,476.49,47.65,Pending,Cancelled,
ORD_01185,CUST_090,PROD_BOO_002,STORE_AUSTRALIA,2024-01-03,3,198.88,0.0,Completed,Processing,
ORD_01186,CUST_074,PROD_SPO_003,STORE_USA,2023-07-17,2,49.36,0.0,Completed,Cancelled,
ORD_01187,CUST_071,PROD_HOM_005,STORE_UK,2024-06-07,1,437.26,43.73,Failed,Cancelled,
ORD_01188,CUST_031,PROD_ELE_001,STORE_GERMANY,2023-08-30,5,47.04,0.0,Completed,Shipped,2023-09-06
ORD_01189,CUST_004,PROD_CLO_001,STORE_JAPAN,2024-04-04,1,434.38,0.0,Completed,Cancelled,
ORD_01190,CUST_061,PROD_BOO_003,STORE_UK,2024-09-06,5,368.19,184.1,Completed,Cancelled,
ORD_01191,CUST_043,PROD_CLO_005,STORE_MEXICO,2024-11-13,1,125.86,6.29,Pending,Cancelled,
ORD_01192,CUST_096,PROD_GRO_005,STORE_BRAZIL,2024-05-29,1,260.71,0.0,Completed,Delivered,2024-06-02
ORD_01193,CUST_012,PROD_BOO_003,STORE_CANADA,2024-02-20,5,368.19,368.19,Completed,Cancelled,
ORD_01194,CUST_015,PROD_TOY_002,STORE_JAPAN,2023-07-17,1,213.97,21.4,Failed,Cancelled,
ORD_01195,CUST_095,PROD_BEA_001,STORE_FRANCE,2023-05-11,3,373.91,224.35,Completed,Shipped,2023-05-16
ORD_01196,CUST_041,PROD_GRO_004,STORE_UK,2024-08-22,5,383.79,383.79,Failed,Cancelled,
ORD_01197,CUST_029,PROD_BOO_002,STORE_AUSTRALIA,2023-03-18,3,198.88,59.66,Completed,Delivered,2023-03-22
ORD_01198,CUST_029,PROD_SPO_002,STORE_INDIA,2023-08-06,3,123.75,18.56,Completed,Cancelled,
ORD_01199,CUST_086,PROD_BEA_003,STORE_MEXICO,2024-01-30,1,60.35,12.07,Completed,Delivered,2024-02-06
ORD_01200,CUST_074,PROD_SPO_001,STORE_GERMANY,2024-07-27,1,496.65,49.66,Completed,Delivered,2024-07-30
ORD_01201,CUST_092,PROD_CLO_004,STORE_GERMANY,2025-02-23,5,198.66,0.0,Completed,Shipped,2025-03-02
ORD_01202,CUST_051,PROD_ELE_005,STORE_UK,2023-03-31,3,431.77,129.53,Completed,Shipped,2023-04-07
ORD_01203,CUST_061,PROD_GRO_003,STORE_AUSTRALIA,2024-04-12,1,157.05,31.41,Completed,Delivered,2024-04-19
ORD_01204,CUST_025,PROD_TOY_001,STORE_AUSTRALIA,2023-06-16,1,107.16,5.36,Failed,Cancelled,
ORD_01205,CUST_007,PROD_ELE_005,STORE_INDIA,2025-01-07,1,431.77,86.35,Completed,Shipped,2025-01-14
ORD_01206,CUST_062,PROD_ELE_004,STORE_UK,2023-10-09,1,121.15,0.0,Completed,Delivered,2023-10-16
ORD_01207,CUST_074,PROD_BOO_002,STORE_UK,2024-03-28,2,198.88,0.0,Completed,Delivered,2024-04-01
ORD_01208,CUST_061,PROD_CLO_002,STORE_USA,2023-07-07,3,194.17,29.13,Failed,Cancelled,
ORD_01209,CUST_056,PROD_BOO_005,STORE_AUSTRALIA,2023-11-14,1,48.66,0.0,Completed,Shipped,2023-11-19
ORD_01210,CUST_039,PROD_TOY_004,STORE_UK,2025-01-05,5,107.06,53.53,Completed,Shipped,2025-01-12
ORD_01211,CUST_049,PROD_ELE_003,STORE_INDIA,2024-03-19,1,134.37,0.0,Completed,Delivered,2024-03-21
ORD_01212,CUST_063,PROD_SPO_003,STORE_GERMANY,2023-04-01,3,49.36,29.62,Failed,Cancelled,
ORD_01213,CUST_062,PROD_ELE_003,STORE_CANADA,2024-11-05,1,134.37,13.44,Pending,Cancelled,
ORD_01214,CUST_090,PROD_HOM_003,STORE_FRANCE,2024-10-14,1,439.96,0.0,Completed,Delivered,2024-10-21
ORD_01215,CUST_069,PROD_CLO_002,STORE_AUSTRALIA,2025-02-23,1,194.17,19.42,Failed,Cancelled,
ORD_01216,CUST_069,PROD_SPO_004,STORE_INDIA,2023-05-13,3,49.29,29.57,Failed,Cancelled,
ORD_01217,CUST_092,PROD_BOO_003,STORE_GERMANY,2025-01-11,1,368.19,0.0,Failed,Cancelled,
ORD_01218,CUST_089,PROD_CLO_002,STORE_USA,2024-09-27,2,194.17,19.42,Completed,Delivered,2024-09-30
ORD_01219,CUST_074,PROD_CLO_004,STORE_UK,2023-06-06,3,198.66,29.8,Completed,Delivered,2023-06-08
ORD_01220,CUST_065,PROD_ELE_005,STORE_JAPAN,2024-09-16,1,431.77,43.18,Completed,Delivered,2024-09-20
ORD_01221,CUST_006,PROD_SPO_004,STORE_FRANCE,2025-01-11,3,49.29,14.79,Completed,Processing,
ORD_01222,CUST_063,PROD_GRO_001,STORE_BRAZIL,2024-03-03,3,199.7,119.82,Failed,Cancelled,
ORD_01223,CUST_027,PROD_BOO_002,STORE_USA,2023-11-06,1,198.88,0.0,Completed,Delivered,2023-11-09
ORD_01224,CUST_018,PROD_TOY_004,STORE_BRAZIL,2023-10-16,3,107.06,16.06,Completed,Delivered,2023-10-23
ORD_01225,CUST_080,PROD_HOM_003,STORE_CANADA,2024-09-22,1,439.96,22.0,Pending,Cancelled,
ORD_01226,CUST_021,PROD_HOM_001,STORE_INDIA,2023-06-02,1,476.49,47.65,Completed,Processing,
ORD_01227,CUST_027,PROD_BEA_005,STORE_FRANCE,2024-12-16,5,149.64,0.0,Completed,Processing,
ORD_01228,CUST_085,PROD_SPO_003,STORE_MEXICO,2023-08-23,2,49.36,0.0,Completed,Shipped,2023-08-28
ORD_01229,CUST_004,PROD_TOY_004,STORE_GERMANY,2023-05-27,1,107.06,0.0,Failed,Cancelled,
ORD_01230,CUST_015,PROD_TOY_001,STORE_AUSTRALIA,2023-05-15,1,107.16,0.0,Completed,Delivered,2023-05-19
ORD_01231,CUST_019,PROD_CLO_005,STORE_FRANCE,2023-03-19,1,125.86,12.59,Completed,Shipped,2023-03-21
ORD_01232,CUST_016,PROD_CLO_002,STORE_BRAZIL,2024-01-16,3,194.17,58.25,Completed,Processing,
ORD_01233,CUST_045,PROD_TOY_002,STORE_FRANCE,2024-09-23,1,213.97,42.79,Completed,Delivered,2024-09-26
ORD_01234,CUST_041,PROD_GRO_005,STORE_UK,2024-02-25,5,260.71,260.71,Failed,Cancelled,
ORD_01235,CUST_077,PROD_HOM_001,STORE_INDIA,2024-11-04,1,476.49,23.82,Completed,Cancelled,
ORD_01236,CUST_066,PROD_BOO_005,STORE_UK,2023-08-02,2,48.66,19.46,Completed,Delivered,2023-08-09
ORD_01237,CUST_082,PROD_GRO_004,STORE_GERMANY,2025-01-31,3,383.79,115.14,Pending,Delivered,2025-02-05
ORD_01238,CUST_046,PROD_HOM_005,STORE_BRAZIL,2023-12-27,1,437.26,43.73,Failed,Cancelled,
ORD_01239,CUST_092,PROD_CLO_005,STORE_FRANCE,2024-12-18,1,125.86,6.29,Pending,Delivered,2024-12-20
ORD_01240,CUST_082,PROD_BOO_001,STORE_CANADA,2023-11-09,1,149.49,0.0,Failed,Cancelled,
ORD_01241,CUST_008,PROD_BOO_001,STORE_FRANCE,2024-09-26,2,149.49,0.0,Pending,Cancelled,
ORD_01242,CUST_066,PROD_BOO_004,STORE_INDIA,2024-07-30,3,156.9,94.14,Completed,Shipped,2024-08-01
ORD_01243,CUST_079,PROD_CLO_003,STORE_USA,2024-05-17,5,322.33,322.33,Completed,Delivered,2024-05-24
ORD_01244,CUST_085,PROD_SPO_004,STORE_MEXICO,2023-04-21,3,49.29,14.79,Completed,Cancelled,
ORD_01245,CUST_098,PROD_SPO_004,STORE_GERMANY,2023-09-04,1,49.29,2.46,Completed,Processing,
ORD_01246,CUST_046,PROD_BEA_004,STORE_AUSTRALIA,2024-07-28,2,329.54,0.0,Completed,Delivered,2024-08-01
ORD_01247,CUST_087,PROD_ELE_001,STORE_BRAZIL,2023-07-07,1,47.04,2.35,Pending,Delivered,2023-07-11
ORD_01248,CUST_028,PROD_BEA_001,STORE_MEXICO,2024-04-15,1,373.91,18.7,Failed,Cancelled,
ORD_01249,CUST_005,PROD_HOM_005,STORE_MEXICO,2024-07-20,1,437.26,21.86,Completed,Processing,
ORD_01250,CUST_059,PROD_GRO_002,STORE_FRANCE,2024-03-05,1,363.83,0.0,Completed,Cancelled,
ORD_01251,CUST_024,PROD_HOM_001,STORE_JAPAN,2023-03-18,1,476.49,47.65,Pending,Delivered,2023-03-20
ORD_01252,CUST_068,PROD_SPO_003,STORE_UK,2024-05-02,1,49.36,4.94,Completed,Delivered,2024-05-09
ORD_01253,CUST_033,PROD_CLO_005,STORE_INDIA,2024-04-16,1,125.86,6.29,Completed,Shipped,2024-04-19
ORD_01254,CUST_069,PROD_ELE_003,STORE_CANADA,2024-05-31,5,134.37,67.19,Completed,Delivered,2024-06-04
ORD_01255,CUST_096,PROD_HOM_003,STORE_USA,2024-03-10,5,439.96,0.0,Completed,Delivered,2024-03-14
ORD_01256,CUST_006,PROD_BOO_004,STORE_AUSTRALIA,2024-05-13,5,156.9,39.23,Completed,Delivered,2024-05-20
ORD_01257,CUST_026,PROD_SPO_001,STORE_FRANCE,2023-07-08,2,496.65,99.33,Failed,Cancelled,
ORD_01258,CUST_064,PROD_BOO_004,STORE_JAPAN,2024-04-21,3,156.9,47.07,Completed,Delivered,2024-04-23
ORD_01259,CUST_003,PROD_BOO_004,STORE_UK,2024-02-24,3,156.9,0.0,Completed,Delivered,2024-03-02
ORD_01260,CUST_044,PROD_HOM_003,STORE_MEXICO,2023-03-17,2,439.96,87.99,Completed,Delivered,2023-03-22
ORD_01261,CUST_011,PROD_HOM_003,STORE_GERMANY,2024-11-30,1,439.96,87.99,Completed,Delivered,2024-12-04
ORD_01262,CUST_099,PROD_BOO_003,STORE_FRANCE,2025-02-23,1,368.19,36.82,Completed,Shipped,2025-03-02
ORD_01263,CUST_014,PROD_SPO_003,STORE_MEXICO,2023-09-10,1,49.36,9.87,Completed,Delivered,2023-09-12
ORD_01264,CUST_017,PROD_HOM_001,STORE_USA,2023-12-14,1,476.49,0.0,Pending,Delivered,2023-12-20
ORD_01265,CUST_026,PROD_BOO_001,STORE_USA,2024-04-01,2,149.49,59.8,Completed,Cancelled,
ORD_01266,CUST_082,PROD_CLO_005,STORE_GERMANY,2024-02-16,2,125.86,25.17,Completed,Processing,
ORD_01267,CUST_055,PROD_BEA_004,STORE_FRANCE,2023-06-29,1,329.54,16.48,Completed,Delivered,2023-07-06
ORD_01268,CUST_054,PROD_ELE_001,STORE_JAPAN,2023-04-26,1,47.04,0.0,Completed,Delivered,2023-05-03
ORD_01269,CUST_096,PROD_GRO_001,STORE_GERMANY,2023-12-26,2,199.7,19.97,Failed,Cancelled,
ORD_01270,CUST_013,PROD_HOM_003,STORE_UK,2023-11-22,2,439.96,44.0,Completed,Delivered,2023-11-24
ORD_01271,CUST_013,PROD_BEA_001,STORE_BRAZIL,2023-07-20,1,373.91,18.7,Completed,Cancelled,
ORD_01272,CUST_100,PROD_TOY_003,STORE_BRAZIL,2024-11-17,1,209.87,0.0,Completed,Delivered,2024-11-23
ORD_01273,CUST_050,PROD_BOO_001,STORE_CANADA,2023-07-20,5,149.49,149.49,Completed,Delivered,2023-07-26
ORD_01274,CUST_084,PROD_CLO_003,STORE_GERMANY,2025-02-27,2,322.33,0.0,Completed,Processing,
ORD_01275,CUST_080,PROD_GRO_002,STORE_FRANCE,2024-07-06,1,363.83,72.77,Completed,Delivered,2024-07-09
ORD_01276,CUST_025,PROD_HOM_002,STORE_BRAZIL,2025-03-06,1,69.14,13.83,Completed,Delivered,2025-03-11
ORD_01277,CUST_081,PROD_BOO_003,STORE_AUSTRALIA,2023-05-17,2,368.19,73.64,Failed,Cancelled,
ORD_01278,CUST_065,PROD_BEA_002,STORE_UK,2024-11-11,1,373.48,0.0,Completed,Delivered,2024-11-17
ORD_01279,CUST_008,PROD_CLO_003,STORE_AUSTRALIA,2024-07-27,5,322.33,322.33,Failed,Cancelled,
ORD_01280,CUST_010,PROD_CLO_001,STORE_INDIA,2024-08-11,2,434.38,173.75,Pending,Shipped,2024-08-17
ORD_01281,CUST_035,PROD_CLO_004,STORE_UK,2023-03-12,1,198.66,39.73,Completed,Processing,
ORD_01282,CUST_090,PROD_BEA_001,STORE_BRAZIL,2024-06-17,3,373.91,224.35,Completed,Delivered,2024-06-20
ORD_01283,CUST_038,PROD_ELE_003,STORE_BRAZIL,2023-07-08,1,134.37,0.0,Completed,Processing,
ORD_01284,CUST_031,PROD_ELE_004,STORE_USA,2024-12-22,1,121.15,6.06,Completed,Delivered,2024-12-24
ORD_01285,CUST_083,PROD_ELE_001,STORE_GERMANY,2024-09-06,1,47.04,0.0,Completed,Cancelled,
ORD_01286,CUST_078,PROD_GRO_004,STORE_JAPAN,2023-06-02,5,383.79,383.79,Completed,Cancelled,
ORD_01287,CUST_018,PROD_HOM_002,STORE_MEXICO,2024-01-04,1,69.14,0.0,Completed,Delivered,2024-01-07
ORD_01288,CUST_094,PROD_ELE_003,STORE_UK,2023-11-26,1,134.37,26.87,Failed,Cancelled,
ORD_01289,CUST_014,PROD_GRO_005,STORE_FRANCE,2024-12-09,5,260.71,260.71,Failed,Cancelled,
ORD_01290,CUST_027,PROD_HOM_004,STORE_GERMANY,2024-02-04,1,385.66,0.0,Failed,Cancelled,
ORD_01291,CUST_081,PROD_HOM_001,STORE_UK,2024-06-07,1,476.49,47.65,Completed,Delivered,2024-06-12
ORD_01292,CUST_012,PROD_SPO_002,STORE_UK,2024-06-21,1,123.75,0.0,Completed,Processing,
ORD_01293,CUST_063,PROD_CLO_002,STORE_FRANCE,2023-03-30,1,194.17,0.0,Completed,Shipped,2023-04-06
ORD_01294,CUST_078,PROD_CLO_003,STORE_CANADA,2023-08-02,1,322.33,32.23,Completed,Shipped,2023-08-09
ORD_01295,CUST_052,PROD_BOO_002,STORE_BRAZIL,2023-07-27,5,198.88,0.0,Failed,Cancelled,
ORD_01296,CUST_013,PROD_GRO_005,STORE_AUSTRALIA,2023-03-30,1,260.71,0.0,Completed,Delivered,2023-04-02
ORD_01297,CUST_099,PROD_BOO_001,STORE_FRANCE,2023-08-02,5,149.49,149.49,Completed,Delivered,2023-08-04
ORD_01298,CUST_070,PROD_GRO_002,STORE_CANADA,2023-10-02,1,363.83,36.38,Failed,Cancelled,
ORD_01299,CUST_057,PROD_CLO_001,STORE_FRANCE,2024-02-11,2,434.38,0.0,Completed,Delivered,2024-02-17
ORD_01300,CUST_089,PROD_ELE_003,STORE_BRAZIL,2023-07-13,1,134.37,0.0,Completed,Processing,
ORD_01301,CUST_038,PROD_BOO_002,STORE_BRAZIL,2024-05-07,1,198.88,0.0,Completed,Delivered,2024-05-10
ORD_01302,CUST_055,PROD_GRO_005,STORE_UK,2024-03-04,5,260.71,65.18,Completed,Cancelled,
ORD_01303,CUST_050,PROD_BOO_003,STORE_INDIA,2023-08-29,1,368.19,0.0,Completed,Delivered,2023-09-02
ORD_01304,CUST_010,PROD_TOY_005,STORE_JAPAN,2023-07-08,1,238.91,0.0,Completed,Processing,
ORD_01305,CUST_020,PROD_CLO_002,STORE_AUSTRALIA,2024-09-02,1,194.17,38.83,Completed,Cancelled,
ORD_01306,CUST_055,PROD_BOO_005,STORE_FRANCE,2024-12-07,1,48.66,2.43,Completed,Delivered,2024-12-12
ORD_01307,CUST_085,PROD_GRO_004,STORE_FRANCE,2025-03-06,1,383.79,0.0,Completed,Cancelled,
ORD_01308,CUST_019,PROD_GRO_001,STORE_UK,2024-04-11,2,199.7,39.94,Completed,Delivered,2024-04-17
ORD_01309,CUST_055,PROD_ELE_003,STORE_UK,2023-06-09,1,134.37,0.0,Completed,Shipped,2023-06-13
ORD_01310,CUST_041,PROD_SPO_002,STORE_AUSTRALIA,2024-07-13,5,123.75,61.88,Failed,Cancelled,
ORD_01311,CUST_082,PROD_GRO_002,STORE_UK,2025-01-06,1,363.83,36.38,Pending,Processing,
ORD_01312,CUST_064,PROD_SPO_005,STORE_BRAZIL,2024-07-25,3,467.79,280.67,Completed,Shipped,2024-07-27
ORD_01313,CUST_075,PROD_HOM_002,STORE_BRAZIL,2024-10-20,5,69.14,0.0,Completed,Delivered,2024-10-24
ORD_01314,CUST_001,PROD_CLO_004,STORE_USA,2024-03-14,3,198.66,59.6,Completed,Delivered,2024-03-16
ORD_01315,CUST_045,PROD_GRO_004,STORE_UK,2024-01-04,2,383.79,0.0,Failed,Cancelled,
ORD_01316,CUST_054,PROD_ELE_001,STORE_GERMANY,2023-10-24,1,47.04,0.0,Completed,Cancelled,
ORD_01317,CUST_091,PROD_BOO_005,STORE_AUSTRALIA,2023-04-04,5,48.66,24.33,Completed,Delivered,2023-04-11
ORD_01318,CUST_014,PROD_TOY_003,STORE_CANADA,2024-07-09,3,209.87,0.0,Completed,Delivered,2024-07-13
ORD_01319,CUST_019,PROD_BOO_001,STORE_GERMANY,2023-05-26,1,149.49,29.9,Pending,Delivered,2023-05-29
ORD_01320,CUST_061,PROD_BOO_004,STORE_BRAZIL,2025-02-21,1,156.9,15.69,Pending,Cancelled,
ORD_01321,CUST_044,PROD_HOM_004,STORE_USA,2023-12-27,1,385.66,0.0,Completed,Cancelled,
ORD_01322,CUST_005,PROD_TOY_004,STORE_UK,2024-08-05,1,107.06,0.0,Pending,Shipped,2024-08-12
ORD_01323,CUST_059,PROD_TOY_001,STORE_FRANCE,2024-10-14,3,107.16,16.07,Completed,Shipped,2024-10-17
ORD_01324,CUST_035,PROD_BOO_001,STORE_BRAZIL,2024-03-29,1,149.49,0.0,Pending,Processing,
ORD_01325,CUST_008,PROD_CLO_005,STORE_AUSTRALIA,2023-09-13,5,125.86,125.86,Failed,Cancelled,
ORD_01326,CUST_010,PROD_HOM_005,STORE_INDIA,2024-01-23,5,437.26,218.63,Pending,Delivered,2024-01-25
ORD_01327,CUST_048,PROD_HOM_003,STORE_GERMANY,2023-12-10,1,439.96,0.0,Completed,Delivered,2023-12-16
ORD_01328,CUST_100,PROD_GRO_002,STORE_USA,2023-11-09,1,363.83,0.0,Failed,Cancelled,
ORD_01329,CUST_014,PROD_BEA_005,STORE_GERMANY,2024-11-09,1,149.64,7.48,Completed,Processing,
ORD_01330,CUST_026,PROD_BEA_003,STORE_GERMANY,2023-12-09,1,60.35,12.07,Failed,Cancelled,
ORD_01331,CUST_006,PROD_TOY_002,STORE_INDIA,2023-04-24,1,213.97,10.7,Completed,Delivered,2023-04-26
ORD_01332,CUST_046,PROD_ELE_004,STORE_AUSTRALIA,2024-08-02,1,121.15,6.06,Pending,Cancelled,
ORD_01333,CUST_046,PROD_BOO_004,STORE_CANADA,2024-02-11,2,156.9,62.76,Completed,Processing,
ORD_01334,CUST_100,PROD_BOO_005,STORE_USA,2024-10-30,2,48.66,9.73,Failed,Cancelled,
ORD_01335,CUST_005,PROD_ELE_004,STORE_UK,2023-08-11,5,121.15,60.58,Completed,Cancelled,
ORD_01336,CUST_012,PROD_CLO_005,STORE_GERMANY,2025-02-03,5,125.86,0.0,Completed,Processing,
ORD_01337,CUST_067,PROD_TOY_004,STORE_BRAZIL,2024-02-21,2,107.06,0.0,Completed,Delivered,2024-02-25
ORD_01338,CUST_080,PROD_HOM_003,STORE_USA,2025-03-07,5,439.96,219.98,Completed,Delivered,2025-03-13
ORD_01339,CUST_078,PROD_BEA_005,STORE_UK,2024-10-09,5,149.64,74.82,Completed,Delivered,2024-10-12
ORD_01340,CUST_099,PROD_ELE_005,STORE_BRAZIL,2023-06-06,2,431.77,0.0,Pending,Delivered,2023-06-09
ORD_01341,CUST_038,PROD_CLO_001,STORE_CANADA,2023-12-20,3,434.38,65.16,Completed,Delivered,2023-12-22
ORD_01342,CUST_023,PROD_HOM_005,STORE_FRANCE,2024-07-05,1,437.26,43.73,Completed,Delivered,2024-07-11
ORD_01343,CUST_063,PROD_BEA_003,STORE_JAPAN,2023-12-27,2,60.35,12.07,Failed,Cancelled,
ORD_01344,CUST_088,PROD_BOO_004,STORE_INDIA,2024-03-18,3,156.9,94.14,Completed,Delivered,2024-03-20
ORD_01345,CUST_088,PROD_HOM_002,STORE_BRAZIL,2024-06-11,1,69.14,0.0,Failed,Cancelled,
ORD_01346,CUST_083,PROD_BEA_004,STORE_GERMANY,2025-02-22,3,329.54,0.0,Completed,Delivered,2025-02-26
ORD_01347,CUST_049,PROD_CLO_001,STORE_MEXICO,2024-04-20,1,434.38,0.0,Pending,Shipped,2024-04-27
ORD_01348,CUST_012,PROD_GRO_003,STORE_INDIA,2024-06-30,5,157.05,157.05,Pending,Delivered,2024-07-02
ORD_01349,CUST_024,PROD_BOO_002,STORE_AUSTRALIA,2024-05-25,1,198.88,19.89,Completed,Delivered,2024-05-29
ORD_01350,CUST_044,PROD_TOY_004,STORE_INDIA,2023-10-12,5,107.06,53.53,Completed,Delivered,2023-10-17
ORD_01351,CUST_005,PROD_SPO_005,STORE_UK,2024-07-02,1,467.79,0.0,Completed,Processing,
ORD_01352,CUST_005,PROD_TOY_004,STORE_AUSTRALIA,2023-05-11,1,107.06,10.71,Pending,Delivered,2023-05-13
ORD_01353,CUST_028,PROD_BEA_002,STORE_AUSTRALIA,2023-12-10,1,373.48,0.0,Completed,Delivered,2023-12-12
ORD_01354,CUST_036,PROD_HOM_001,STORE_CANADA,2024-01-08,5,476.49,238.25,Pending,Processing,
ORD_01355,CUST_028,PROD_ELE_002,STORE_UK,2023-05-03,1,256.63,25.66,Completed,Delivered,2023-05-06
ORD_01356,CUST_026,PROD_GRO_003,STORE_AUSTRALIA,2024-07-14,2,157.05,62.82,Completed,Cancelled,
ORD_01357,CUST_056,PROD_GRO_003,STORE_MEXICO,2024-04-10,1,157.05,31.41,Failed,Cancelled,
ORD_01358,CUST_026,PROD_BEA_005,STORE_MEXICO,2024-11-29,1,149.64,7.48,Completed,Delivered,2024-12-02
ORD_01359,CUST_059,PROD_BOO_005,STORE_INDIA,2024-01-27,1,48.66,4.87,Completed,Processing,
ORD_01360,CUST_093,PROD_BEA_001,STORE_INDIA,2023-07-15,5,373.91,186.96,Failed,Cancelled,
ORD_01361,CUST_013,PROD_BEA_003,STORE_GERMANY,2023-09-17,2,60.35,24.14,Completed,Processing,
ORD_01362,CUST_049,PROD_CLO_004,STORE_JAPAN,2023-10-09,1,198.66,39.73,Completed,Delivered,2023-10-13
ORD_01363,CUST_003,PROD_ELE_005,STORE_FRANCE,2024-08-04,1,431.77,43.18,Pending,Shipped,2024-08-09
ORD_01364,CUST_046,PROD_GRO_003,STORE_BRAZIL,2024-05-18,3,157.05,23.56,Completed,Delivered,2024-05-23
ORD_01365,CUST_055,PROD_GRO_004,STORE_UK,2024-09-25,3,383.79,0.0,Failed,Cancelled,
ORD_01366,CUST_056,PROD_GRO_005,STORE_FRANCE,2025-01-12,5,260.71,130.35,Completed,Cancelled,
ORD_01367,CUST_080,PROD_BOO_002,STORE_CANADA,2023-06-23,1,198.88,0.0,Failed,Cancelled,
ORD_01368,CUST_053,PROD_BOO_002,STORE_INDIA,2024-12-06,3,198.88,0.0,Pending,Processing,
ORD_01369,CUST_075,PROD_BEA_003,STORE_FRANCE,2024-05-12,1,60.35,0.0,Pending,Processing,
ORD_01370,CUST_049,PROD_BOO_003,STORE_GERMANY,2024-07-01,1,368.19,18.41,Pending,Shipped,2024-07-08
ORD_01371,CUST_091,PROD_HOM_001,STORE_USA,2024-03-26,1,476.49,95.3,Completed,Delivered,2024-04-02
ORD_01372,CUST_034,PROD_ELE_005,STORE_AUSTRALIA,2025-01-26,1,431.77,0.0,Pending,Delivered,2025-01-28
ORD_01373,CUST_004,PROD_BOO_005,STORE_JAPAN,2024-08-21,5,48.66,48.66,Completed,Delivered,2024-08-24
ORD_01374,CUST_074,PROD_HOM_003,STORE_GERMANY,2024-09-28,2,439.96,0.0,Failed,Cancelled,
ORD_01375,CUST_083,PROD_HOM_001,STORE_USA,2024-10-20,2,476.49,0.0,Pending,Cancelled,
ORD_01376,CUST_023,PROD_HOM_001,STORE_JAPAN,2024-08-19,1,476.49,47.65,Completed,Delivered,2024-08-26
ORD_01377,CUST_017,PROD_SPO_003,STORE_CANADA,2024-12-14,3,49.36,14.81,Completed,Processing,
ORD_01378,CUST_021,PROD_GRO_001,STORE_GERMANY,2023-06-12,1,199.7,0.0,Pending,Delivered,2023-06-19
ORD_01379,CUST_099,PROD_TOY_003,STORE_UK,2023-04-06,3,209.87,125.92,Completed,Processing,
ORD_01380,CUST_049,PROD_BEA_002,STORE_UK,2024-06-15,5,373.48,93.37,Completed,Delivered,2024-06-22
ORD_01381,CUST_029,PROD_ELE_005,STORE_GERMANY,2024-09-07,1,431.77,43.18,Completed,Cancelled,
ORD_01382,CUST_007,PROD_ELE_003,STORE_CANADA,2023-08-03,5,134.37,0.0,Failed,Cancelled,
ORD_01383,CUST_014,PROD_BOO_003,STORE_INDIA,2024-11-08,1,368.19,0.0,Completed,Delivered,2024-11-12
ORD_01384,CUST_024,PROD_BOO_001,STORE_CANADA,2024-07-27,1,149.49,0.0,Pending,Delivered,2024-08-01
ORD_01385,CUST_003,PROD_HOM_002,STORE_CANADA,2024-07-19,5,69.14,0.0,Completed,Cancelled,
ORD_01386,CUST_054,PROD_GRO_005,STORE_JAPAN,2024-12-16,2,260.71,0.0,Completed,Delivered,2024-12-18
ORD_01387,CUST_023,PROD_TOY_002,STORE_MEXICO,2023-04-10,1,213.97,10.7,Completed,Shipped,2023-04-16
ORD_01388,CUST_077,PROD_SPO_005,STORE_USA,2023-08-18,3,467.79,70.17,Completed,Delivered,2023-08-24
ORD_01389,CUST_004,PROD_SPO_005,STORE_USA,2024-08-20,3,467.79,0.0,Completed,Delivered,2024-08-22
ORD_01390,CUST_028,PROD_BEA_002,STORE_JAPAN,2023-07-28,1,373.48,0.0,Completed,Delivered,2023-08-01
ORD_01391,CUST_062,PROD_CLO_003,STORE_CANADA,2024-02-28,5,322.33,322.33,Completed,Shipped,2024-03-06
ORD_01392,CUST_064,PROD_HOM_003,STORE_BRAZIL,2024-04-21,1,439.96,22.0,Completed,Delivered,2024-04-28
ORD_01393,CUST_092,PROD_ELE_003,STORE_AUSTRALIA,2023-06-22,3,134.37,80.62,Completed,Delivered,2023-06-25
ORD_01394,CUST_093,PROD_SPO_002,STORE_AUSTRALIA,2024-06-07,2,123.75,49.5,Completed,Delivered,2024-06-13
ORD_01395,CUST_014,PROD_TOY_004,STORE_AUSTRALIA,2024-05-21,1,107.06,21.41,Completed,Delivered,2024-05-28
ORD_01396,CUST_009,PROD_HOM_004,STORE_UK,2023-04-12,3,385.66,57.85,Failed,Cancelled,
ORD_01397,CUST_053,PROD_ELE_004,STORE_MEXICO,2024-12-28,3,121.15,18.17,Pending,Delivered,2024-12-30
ORD_01398,CUST_024,PROD_GRO_001,STORE_AUSTRALIA,2023-09-15,1,199.7,0.0,Completed,Delivered,2023-09-22
ORD_01399,CUST_048,PROD_GRO_004,STORE_UK,2024-01-24,1,383.79,0.0,Completed,Cancelled,
ORD_01400,CUST_002,PROD_GRO_002,STORE_GERMANY,2024-06-27,3,363.83,54.57,Completed,Processing,
ORD_01401,CUST_009,PROD_GRO_005,STORE_FRANCE,2024-11-14,1,260.71,52.14,Completed,Delivered,2024-11-20
ORD_01402,CUST_036,PROD_TOY_004,STORE_CANADA,2024-10-16,5,107.06,53.53,Pending,Delivered,2024-10-20
ORD_01403,CUST_026,PROD_CLO_003,STORE_USA,2024-07-26,2,322.33,0.0,Completed,Shipped,2024-07-28
ORD_01404,CUST_016,PROD_HOM_004,STORE_UK,2024-11-13,1,385.66,77.13,Pending,Delivered,2024-11-19
ORD_01405,CUST_003,PROD_ELE_004,STORE_USA,2024-12-27,3,121.15,0.0,Pending,Delivered,2024-12-30
ORD_01406,CUST_052,PROD_BEA_003,STORE_BRAZIL,2024-08-30,1,60.35,3.02,Completed,Delivered,2024-09-04
ORD_01407,CUST_013,PROD_HOM_002,STORE_FRANCE,2023-12-15,1,69.14,3.46,Pending,Delivered,2023-12-21
ORD_01408,CUST_100,PROD_GRO_001,STORE_INDIA,2024-11-25,1,199.7,19.97,Completed,Cancelled,
ORD_01409,CUST_059,PROD_SPO_002,STORE_CANADA,2024-03-25,3,123.75,0.0,Completed,Delivered,2024-03-27
ORD_01410,CUST_002,PROD_BOO_004,STORE_CANADA,2024-02-02,5,156.9,78.45,Completed,Delivered,2024-02-04
ORD_01411,CUST_025,PROD_GRO_004,STORE_BRAZIL,2023-03-14,5,383.79,0.0,Completed,Delivered,2023-03-16
ORD_01412,CUST_007,PROD_ELE_005,STORE_CANADA,2023-12-04,1,431.77,86.35,Pending,Delivered,2023-12-11
ORD_01413,CUST_022,PROD_BOO_004,STORE_MEXICO,2024-06-22,1,156.9,0.0,Completed,Delivered,2024-06-28
ORD_01414,CUST_053,PROD_HOM_004,STORE_CANADA,2024-08-24,3,385.66,0.0,Failed,Cancelled,
ORD_01415,CUST_062,PROD_SPO_002,STORE_FRANCE,2024-02-01,5,123.75,61.88,Completed,Delivered,2024-02-05
ORD_01416,CUST_099,PROD_ELE_004,STORE_CANADA,2024-03-04,3,121.15,0.0,Completed,Cancelled,
ORD_01417,CUST_010,PROD_BEA_005,STORE_INDIA,2023-05-09,1,149.64,0.0,Completed,Shipped,2023-05-14
ORD_01418,CUST_025,PROD_SPO_002,STORE_CANADA,2024-02-20,1,123.75,24.75,Failed,Cancelled,
ORD_01419,CUST_066,PROD_GRO_001,STORE_FRANCE,2025-03-03,2,199.7,0.0,Failed,Cancelled,
ORD_01420,CUST_014,PROD_BOO_004,STORE_GERMANY,2024-03-15,2,156.9,31.38,Failed,Cancelled,
ORD_01421,CUST_066,PROD_CLO_003,STORE_AUSTRALIA,2023-09-17,1,322.33,16.12,Pending,Delivered,2023-09-24
ORD_01422,CUST_040,PROD_TOY_002,STORE_CANADA,2023-08-06,2,213.97,0.0,Completed,Delivered,2023-08-08
ORD_01423,CUST_059,PROD_CLO_002,STORE_FRANCE,2023-04-07,2,194.17,77.67,Pending,Delivered,2023-04-11
ORD_01424,CUST_016,PROD_TOY_001,STORE_CANADA,2024-03-05,2,107.16,0.0,Completed,Shipped,2024-03-11
ORD_01425,CUST_056,PROD_SPO_003,STORE_JAPAN,2023-05-02,2,49.36,4.94,Completed,Delivered,2023-05-04
ORD_01426,CUST_084,PROD_GRO_005,STORE_AUSTRALIA,2023-09-23,1,260.71,0.0,Pending,Delivered,2023-09-29
ORD_01427,CUST_036,PROD_SPO_004,STORE_MEXICO,2024-07-26,3,49.29,14.79,Completed,Cancelled,
ORD_01428,CUST_007,PROD_ELE_001,STORE_CANADA,2023-10-19,1,47.04,0.0,Completed,Processing,
ORD_01429,CUST_035,PROD_ELE_001,STORE_CANADA,2024-09-03,1,47.04,2.35,Completed,Processing,
ORD_01430,CUST_090,PROD_HOM_001,STORE_AUSTRALIA,2024-04-14,1,476.49,0.0,Completed,Shipped,2024-04-17
ORD_01431,CUST_022,PROD_CLO_004,STORE_JAPAN,2024-12-20,1,198.66,39.73,Completed,Cancelled,
ORD_01432,CUST_001,PROD_BOO_002,STORE_UK,2024-08-05,5,198.88,198.88,Pending,Cancelled,
ORD_01433,CUST_040,PROD_ELE_001,STORE_UK,2024-01-25,5,47.04,0.0,Completed,Delivered,2024-01-29
ORD_01434,CUST_059,PROD_BOO_005,STORE_USA,2025-01-19,2,48.66,9.73,Completed,Delivered,2025-01-22
ORD_01435,CUST_034,PROD_BEA_005,STORE_UK,2025-02-01,1,149.64,29.93,Completed,Shipped,2025-02-07
ORD_01436,CUST_001,PROD_SPO_002,STORE_GERMANY,2024-07-04,1,123.75,0.0,Completed,Processing,
ORD_01437,CUST_088,PROD_ELE_004,STORE_GERMANY,2024-08-27,3,121.15,0.0,Completed,Delivered,2024-08-29
ORD_01438,CUST_039,PROD_GRO_002,STORE_INDIA,2024-07-23,5,363.83,90.96,Failed,Cancelled,
ORD_01439,CUST_033,PROD_SPO_002,STORE_FRANCE,2024-03-16,2,123.75,0.0,Completed,Delivered,2024-03-23
ORD_01440,CUST_043,PROD_SPO_004,STORE_MEXICO,2024-07-16,1,49.29,2.46,Failed,Cancelled,
ORD_01441,CUST_094,PROD_BEA_002,STORE_UK,2024-05-02,1,373.48,0.0,Completed,Shipped,2024-05-04
ORD_01442,CUST_032,PROD_TOY_002,STORE_AUSTRALIA,2024-03-11,1,213.97,0.0,Completed,Shipped,2024-03-18
ORD_01443,CUST_014,PROD_ELE_003,STORE_BRAZIL,2024-06-11,3,134.37,0.0,Completed,Cancelled,
ORD_01444,CUST_045,PROD_GRO_002,STORE_AUSTRALIA,2024-11-01,2,363.83,36.38,Completed,Delivered,2024-11-03
ORD_01445,CUST_075,PROD_SPO_004,STORE_JAPAN,2024-11-25,1,49.29,4.93,Pending,Processing,
ORD_01446,CUST_045,PROD_ELE_004,STORE_CANADA,2023-03-17,2,121.15,0.0,Pending,Cancelled,
ORD_01447,CUST_020,PROD_SPO_004,STORE_FRANCE,2024-12-06,3,49.29,0.0,Completed,Shipped,2024-12-10
ORD_01448,CUST_009,PROD_ELE_004,STORE_USA,2024-06-15,1,121.15,0.0,Completed,Processing,
ORD_01449,CUST_016,PROD_BEA_004,STORE_INDIA,2024-01-16,1,329.54,32.95,Completed,Cancelled,
ORD_01450,CUST_001,PROD_BEA_004,STORE_FRANCE,2023-07-28,1,329.54,16.48,Failed,Cancelled,
ORD_01451,CUST_086,PROD_TOY_001,STORE_UK,2023-06-05,5,107.16,26.79,Completed,Cancelled,
ORD_01452,CUST_026,PROD_HOM_003,STORE_MEXICO,2023-05-30,1,439.96,0.0,Completed,Shipped,2023-06-03
ORD_01453,CUST_032,PROD_GRO_005,STORE_AUSTRALIA,2024-04-20,1,260.71,13.04,Completed,Processing,
ORD_01454,CUST_040,PROD_CLO_002,STORE_MEXICO,2024-05-28,5,194.17,48.54,Failed,Cancelled,
ORD_01455,CUST_018,PROD_CLO_003,STORE_FRANCE,2023-07-25,2,322.33,128.93,Completed,Delivered,2023-07-29
ORD_01456,CUST_011,PROD_ELE_005,STORE_MEXICO,2024-12-11,2,431.77,172.71,Completed,Shipped,2024-12-16
ORD_01457,CUST_013,PROD_BOO_004,STORE_BRAZIL,2024-06-03,5,156.9,39.23,Failed,Cancelled,
ORD_01458,CUST_088,PROD_GRO_003,STORE_INDIA,2024-03-05,2,157.05,31.41,Pending,Shipped,2024-03-10
ORD_01459,CUST_004,PROD_TOY_001,STORE_USA,2024-05-13,1,107.16,0.0,Failed,Cancelled,
ORD_01460,CUST_039,PROD_ELE_001,STORE_MEXICO,2024-08-14,1,47.04,0.0,Failed,Cancelled,
ORD_01461,CUST_070,PROD_TOY_002,STORE_FRANCE,2023-05-02,2,213.97,0.0,Pending,Cancelled,
ORD_01462,CUST_001,PROD_HOM_005,STORE_BRAZIL,2024-06-22,1,437.26,0.0,Completed,Delivered,2024-06-29
ORD_01463,CUST_014,PROD_GRO_002,STORE_MEXICO,2023-06-16,1,363.83,72.77,Pending,Cancelled,
ORD_01464,CUST_043,PROD_BEA_004,STORE_CANADA,2024-10-27,5,329.54,329.54,Completed,Cancelled,
ORD_01465,CUST_027,PROD_SPO_004,STORE_UK,2024-10-04,5,49.29,24.65,Completed,Delivered,2024-10-11
ORD_01466,CUST_082,PROD_BOO_005,STORE_FRANCE,2024-12-11,1,48.66,0.0,Pending,Processing,
ORD_01467,CUST_089,PROD_CLO_003,STORE_CANADA,2023-05-16,1,322.33,0.0,Failed,Cancelled,
ORD_01468,CUST_016,PROD_SPO_004,STORE_CANADA,2023-11-17,1,49.29,0.0,Pending,Delivered,2023-11-23
ORD_01469,CUST_057,PROD_HOM_001,STORE_USA,2023-07-11,1,476.49,47.65,Pending,Delivered,2023-07-14
ORD_01470,CUST_070,PROD_ELE_002,STORE_MEXICO,2025-02-03,2,256.63,102.65,Completed,Shipped,2025-02-06
ORD_01471,CUST_082,PROD_BEA_002,STORE_UK,2023-08-01,5,373.48,0.0,Completed,Processing,
ORD_01472,CUST_095,PROD_SPO_005,STORE_GERMANY,2024-07-08,2,467.79,46.78,Completed,Cancelled,
ORD_01473,CUST_013,PROD_TOY_003,STORE_INDIA,2024-03-19,5,209.87,52.47,Pending,Shipped,2024-03-26
ORD_01474,CUST_014,PROD_HOM_005,STORE_AUSTRALIA,2024-05-17,1,437.26,0.0,Completed,Shipped,2024-05-19
ORD_01475,CUST_073,PROD_GRO_005,STORE_USA,2024-10-23,1,260.71,0.0,Failed,Cancelled,
ORD_01476,CUST_057,PROD_BEA_003,STORE_JAPAN,2023-07-29,2,60.35,12.07,Completed,Delivered,2023-08-01
ORD_01477,CUST_046,PROD_SPO_003,STORE_BRAZIL,2023-10-10,1,49.36,9.87,Pending,Processing,
ORD_01478,CUST_009,PROD_CLO_002,STORE_UK,2024-03-03,5,194.17,194.17,Completed,Shipped,2024-03-10
ORD_01479,CUST_018,PROD_ELE_003,STORE_FRANCE,2024-04-15,1,134.37,13.44,Pending,Shipped,2024-04-21
ORD_01480,CUST_085,PROD_CLO_002,STORE_MEXICO,2025-03-03,3,194.17,116.5,Completed,Delivered,2025-03-10
ORD_01481,CUST_042,PROD_TOY_003,STORE_MEXICO,2024-02-28,3,209.87,125.92,Pending,Delivered,2024-03-01
ORD_01482,CUST_004,PROD_CLO_001,STORE_GERMANY,2023-06-15,5,434.38,0.0,Pending,Cancelled,
ORD_01483,CUST_061,PROD_GRO_001,STORE_GERMANY,2023-11-06,1,199.7,0.0,Pending,Shipped,2023-11-08
ORD_01484,CUST_008,PROD_TOY_005,STORE_FRANCE,2023-07-04,1,238.91,0.0,Pending,Delivered,2023-07-10
ORD_01485,CUST_081,PROD_BEA_002,STORE_UK,2024-01-31,1,373.48,37.35,Pending,Delivered,2024-02-07
ORD_01486,CUST_074,PROD_TOY_001,STORE_GERMANY,2023-09-25,1,107.16,10.72,Pending,Cancelled,
ORD_01487,CUST_037,PROD_CLO_005,STORE_GERMANY,2023-08-21,2,125.86,50.34,Completed,Delivered,2023-08-27
ORD_01488,CUST_004,PROD_BOO_002,STORE_GERMANY,2023-04-12,1,198.88,0.0,Completed,Shipped,2023-04-18
ORD_01489,CUST_070,PROD_BEA_005,STORE_JAPAN,2023-09-14,5,149.64,149.64,Pending,Delivered,2023-09-17
ORD_01490,CUST_074,PROD_SPO_001,STORE_BRAZIL,2024-03-03,1,496.65,99.33,Failed,Cancelled,
ORD_01491,CUST_018,PROD_BEA_005,STORE_INDIA,2024-05-19,5,149.64,74.82,Completed,Processing,
ORD_01492,CUST_011,PROD_BOO_004,STORE_BRAZIL,2024-01-08,1,156.9,0.0,Pending,Delivered,2024-01-10
ORD_01493,CUST_077,PROD_SPO_005,STORE_JAPAN,2023-04-01,1,467.79,23.39,Completed,Shipped,2023-04-08
ORD_01494,CUST_046,PROD_BEA_005,STORE_UK,2023-12-28,1,149.64,29.93,Failed,Cancelled,
ORD_01495,CUST_031,PROD_SPO_004,STORE_MEXICO,2024-08-02,1,49.29,4.93,Failed,Cancelled,
ORD_01496,CUST_008,PROD_SPO_005,STORE_CANADA,2024-10-25,2,467.79,46.78,Completed,Delivered,2024-10-29
ORD_01497,CUST_054,PROD_ELE_002,STORE_GERMANY,2024-02-14,1,256.63,0.0,Completed,Processing,
ORD_01498,CUST_094,PROD_GRO_002,STORE_USA,2023-11-05,2,363.83,0.0,Failed,Cancelled,
ORD_01499,CUST_079,PROD_BEA_003,STORE_JAPAN,2023-05-20,2,60.35,24.14,Failed,Cancelled,
ORD_01500,CUST_011,PROD_TOY_001,STORE_INDIA,2023-07-19,1,107.16,0.0,Completed,Delivered,2023-07-24
ORD_01501,CUST_065,PROD_CLO_005,STORE_JAPAN,2024-05-23,2,125.86,12.59,Completed,Delivered,2024-05-25
ORD_01502,CUST_004,PROD_CLO_003,STORE_BRAZIL,2024-11-20,2,322.33,0.0,Failed,Cancelled,
ORD_01503,CUST_062,PROD_BEA_004,STORE_AUSTRALIA,2024-03-29,5,329.54,0.0,Pending,Cancelled,
ORD_01504,CUST_055,PROD_TOY_001,STORE_UK,2023-07-05,2,107.16,0.0,Failed,Cancelled,
ORD_01505,CUST_048,PROD_GRO_003,STORE_GERMANY,2024-02-23,2,157.05,0.0,Completed,Delivered,2024-02-25
ORD_01506,CUST_076,PROD_BEA_001,STORE_GERMANY,2024-05-04,5,373.91,373.91,Failed,Cancelled,
ORD_01507,CUST_006,PROD_BEA_001,STORE_GERMANY,2023-05-06,1,373.91,0.0,Completed,Shipped,2023-05-09
ORD_01508,CUST_037,PROD_BEA_003,STORE_JAPAN,2024-03-01,3,60.35,0.0,Completed,Delivered,2024-03-07
ORD_01509,CUST_051,PROD_SPO_001,STORE_CANADA,2025-01-09,1,496.65,0.0,Completed,Processing,
ORD_01510,CUST_027,PROD_SPO_002,STORE_JAPAN,2023-10-20,2,123.75,12.38,Completed,Processing,
ORD_01511,CUST_038,PROD_ELE_001,STORE_BRAZIL,2023-12-07,1,47.04,9.41,Failed,Cancelled,
ORD_01512,CUST_014,PROD_BEA_004,STORE_JAPAN,2024-05-02,5,329.54,329.54,Pending,Delivered,2024-05-04
ORD_01513,CUST_027,PROD_BOO_004,STORE_BRAZIL,2023-10-31,1,156.9,31.38,Completed,Delivered,2023-11-04
ORD_01514,CUST_093,PROD_BOO_005,STORE_USA,2023-11-04,5,48.66,24.33,Pending,Delivered,2023-11-06
ORD_01515,CUST_064,PROD_BEA_003,STORE_FRANCE,2023-12-18,3,60.35,18.11,Completed,Delivered,2023-12-20
ORD_01516,CUST_036,PROD_TOY_005,STORE_AUSTRALIA,2024-07-28,1,238.91,23.89,Pending,Shipped,2024-07-30
ORD_01517,CUST_029,PROD_CLO_004,STORE_AUSTRALIA,2023-09-13,5,198.66,99.33,Failed,Cancelled,
ORD_01518,CUST_007,PROD_ELE_005,STORE_USA,2024-09-13,1,431.77,0.0,Failed,Cancelled,
ORD_01519,CUST_097,PROD_GRO_002,STORE_FRANCE,2024-11-03,1,363.83,0.0,Completed,Cancelled,
ORD_01520,CUST_080,PROD_HOM_003,STORE_AUSTRALIA,2023-05-06,1,439.96,87.99,Pending,Cancelled,
ORD_01521,CUST_087,PROD_ELE_004,STORE_BRAZIL,2024-06-25,2,121.15,48.46,Failed,Cancelled,
ORD_01522,CUST_099,PROD_SPO_004,STORE_FRANCE,2023-08-22,2,49.29,9.86,Completed,Delivered,2023-08-24
ORD_01523,CUST_036,PROD_ELE_003,STORE_CANADA,2023-11-19,3,134.37,20.16,Completed,Processing,
ORD_01524,CUST_051,PROD_BEA_003,STORE_MEXICO,2023-12-14,1,60.35,3.02,Completed,Cancelled,
ORD_01525,CUST_099,PROD_TOY_004,STORE_USA,2023-07-14,1,107.06,21.41,Completed,Delivered,2023-07-17
ORD_01526,CUST_057,PROD_HOM_005,STORE_USA,2024-06-01,1,437.26,43.73,Completed,Delivered,2024-06-06
ORD_01527,CUST_082,PROD_TOY_001,STORE_GERMANY,2024-04-30,1,107.16,21.43,Completed,Delivered,2024-05-06
ORD_01528,CUST_071,PROD_GRO_001,STORE_CANADA,2024-06-02,1,199.7,9.98,Completed,Delivered,2024-06-07
ORD_01529,CUST_017,PROD_CLO_005,STORE_UK,2023-08-06,3,125.86,0.0,Completed,Delivered,2023-08-13
ORD_01530,CUST_005,PROD_CLO_002,STORE_BRAZIL,2024-06-01,3,194.17,29.13,Completed,Processing,
ORD_01531,CUST_092,PROD_CLO_005,STORE_USA,2023-11-29,1,125.86,0.0,Completed,Processing,
ORD_01532,CUST_092,PROD_BEA_003,STORE_MEXICO,2023-11-04,1,60.35,0.0,Completed,Processing,
ORD_01533,CUST_057,PROD_BOO_003,STORE_BRAZIL,2023-05-27,1,368.19,0.0,Completed,Processing,
ORD_01534,CUST_048,PROD_HOM_002,STORE_CANADA,2024-12-25,2,69.14,6.91,Completed,Delivered,2024-12-29
ORD_01535,CUST_078,PROD_GRO_004,STORE_JAPAN,2024-04-29,5,383.79,95.95,Pending,Delivered,2024-05-05
ORD_01536,CUST_004,PROD_CLO_001,STORE_JAPAN,2023-04-23,1,434.38,0.0,Failed,Cancelled,
ORD_01537,CUST_004,PROD_BOO_002,STORE_MEXICO,2023-10-11,1,198.88,39.78,Failed,Cancelled,
ORD_01538,CUST_075,PROD_GRO_003,STORE_GERMANY,2024-03-30,3,157.05,0.0,Completed,Shipped,2024-04-06
ORD_01539,CUST_011,PROD_BEA_005,STORE_GERMANY,2024-10-07,3,149.64,89.78,Failed,Cancelled,
ORD_01540,CUST_094,PROD_HOM_002,STORE_BRAZIL,2023-07-11,3,69.14,0.0,Failed,Cancelled,
ORD_01541,CUST_061,PROD_SPO_004,STORE_BRAZIL,2024-06-02,1,49.29,2.46,Completed,Processing,
ORD_01542,CUST_038,PROD_ELE_001,STORE_JAPAN,2023-11-12,1,47.04,0.0,Pending,Delivered,2023-11-19
ORD_01543,CUST_015,PROD_ELE_001,STORE_INDIA,2024-05-01,1,47.04,0.0,Completed,Processing,
ORD_01544,CUST_065,PROD_BEA_005,STORE_JAPAN,2025-01-06,2,149.64,59.86,Completed,Shipped,2025-01-11
ORD_01545,CUST_030,PROD_TOY_002,STORE_UK,2024-09-09,1,213.97,21.4,Failed,Cancelled,
ORD_01546,CUST_086,PROD_BOO_004,STORE_MEXICO,2023-11-30,1,156.9,7.85,Completed,Delivered,2023-12-02
ORD_01547,CUST_053,PROD_HOM_002,STORE_BRAZIL,2023-08-07,3,69.14,20.74,Completed,Delivered,2023-08-12
ORD_01548,CUST_002,PROD_CLO_001,STORE_CANADA,2024-05-10,1,434.38,86.88,Pending,Cancelled,
ORD_01549,CUST_013,PROD_BOO_004,STORE_USA,2024-05-23,1,156.9,0.0,Completed,Delivered,2024-05-29
ORD_01550,CUST_068,PROD_GRO_005,STORE_AUSTRALIA,2024-03-05,1,260.71,26.07,Failed,Cancelled,
ORD_01551,CUST_031,PROD_ELE_004,STORE_CANADA,2024-02-16,1,121.15,24.23,Failed,Cancelled,
ORD_01552,CUST_079,PROD_BOO_002,STORE_USA,2023-05-23,5,198.88,49.72,Pending,Shipped,2023-05-30
ORD_01553,CUST_058,PROD_HOM_003,STORE_FRANCE,2024-07-09,5,439.96,0.0,Completed,Cancelled,
ORD_01554,CUST_099,PROD_TOY_003,STORE_BRAZIL,2023-06-02,1,209.87,0.0,Failed,Cancelled,
ORD_01555,CUST_076,PROD_GRO_004,STORE_INDIA,2024-03-31,1,383.79,38.38,Completed,Processing,
ORD_01556,CUST_093,PROD_TOY_003,STORE_FRANCE,2023-06-16,1,209.87,10.49,Pending,Delivered,2023-06-18
ORD_01557,CUST_073,PROD_SPO_004,STORE_BRAZIL,2024-10-22,3,49.29,14.79,Completed,Delivered,2024-10-27
ORD_01558,CUST_041,PROD_CLO_002,STORE_UK,2023-04-20,5,194.17,0.0,Pending,Processing,
ORD_01559,CUST_036,PROD_TOY_002,STORE_MEXICO,2024-01-24,1,213.97,10.7,Completed,Delivered,2024-01-26
ORD_01560,CUST_037,PROD_ELE_003,STORE_INDIA,2024-05-31,1,134.37,0.0,Completed,Delivered,2024-06-06
ORD_01561,CUST_097,PROD_BOO_002,STORE_GERMANY,2025-01-19,1,198.88,0.0,Completed,Delivered,2025-01-25
ORD_01562,CUST_066,PROD_CLO_001,STORE_USA,2024-11-10,1,434.38,86.88,Failed,Cancelled,
ORD_01563,CUST_025,PROD_BEA_001,STORE_INDIA,2023-04-04,1,373.91,0.0,Completed,Processing,
ORD_01564,CUST_055,PROD_HOM_004,STORE_BRAZIL,2023-07-16,2,385.66,38.57,Completed,Cancelled,
ORD_01565,CUST_091,PROD_BOO_003,STORE_INDIA,2024-05-24,2,368.19,36.82,Completed,Delivered,2024-05-28
ORD_01566,CUST_094,PROD_BOO_003,STORE_JAPAN,2023-05-28,5,368.19,0.0,Completed,Delivered,2023-05-31
ORD_01567,CUST_065,PROD_GRO_002,STORE_FRANCE,2024-06-15,5,363.83,363.83,Completed,Cancelled,
ORD_01568,CUST_089,PROD_GRO_001,STORE_USA,2024-05-25,1,199.7,39.94,Completed,Delivered,2024-05-31
ORD_01569,CUST_085,PROD_BEA_003,STORE_USA,2023-11-15,1,60.35,12.07,Pending,Delivered,2023-11-22
ORD_01570,CUST_026,PROD_ELE_002,STORE_INDIA,2023-08-11,2,256.63,0.0,Pending,Delivered,2023-08-14
ORD_01571,CUST_026,PROD_BOO_001,STORE_BRAZIL,2023-10-14,1,149.49,14.95,Completed,Shipped,2023-10-20
ORD_01572,CUST_079,PROD_CLO_004,STORE_UK,2023-04-17,2,198.66,19.87,Failed,Cancelled,
ORD_01573,CUST_049,PROD_TOY_003,STORE_GERMANY,2024-12-21,1,209.87,20.99,Failed,Cancelled,
ORD_01574,CUST_085,PROD_CLO_002,STORE_FRANCE,2023-11-01,1,194.17,19.42,Pending,Cancelled,
ORD_01575,CUST_051,PROD_TOY_004,STORE_JAPAN,2024-09-15,2,107.06,10.71,Completed,Delivered,2024-09-17
ORD_01576,CUST_097,PROD_ELE_004,STORE_AUSTRALIA,2024-06-08,1,121.15,0.0,Pending,Delivered,2024-06-11
ORD_01577,CUST_060,PROD_GRO_001,STORE_CANADA,2024-02-27,5,199.7,99.85,Completed,Shipped,2024-03-03
ORD_01578,CUST_077,PROD_HOM_002,STORE_GERMANY,2023-04-07,1,69.14,3.46,Failed,Cancelled,
ORD_01579,CUST_028,PROD_HOM_002,STORE_USA,2024-10-04,1,69.14,3.46,Completed,Shipped,2024-10-09
ORD_01580,CUST_057,PROD_HOM_003,STORE_AUSTRALIA,2023-11-30,1,439.96,22.0,Pending,Cancelled,
ORD_01581,CUST_029,PROD_GRO_002,STORE_USA,2024-01-18,2,363.83,72.77,Completed,Processing,
ORD_01582,CUST_022,PROD_SPO_005,STORE_GERMANY,2024-12-08,1,467.79,93.56,Failed,Cancelled,
ORD_01583,CUST_043,PROD_BOO_004,STORE_MEXICO,2024-09-11,1,156.9,0.0,Pending,Delivered,2024-09-18
ORD_01584,CUST_043,PROD_GRO_003,STORE_BRAZIL,2023-05-12,5,157.05,0.0,Failed,Cancelled,
ORD_01585,CUST_027,PROD_GRO_004,STORE_BRAZIL,2023-09-28,1,383.79,76.76,Pending,Cancelled,
ORD_01586,CUST_030,PROD_ELE_004,STORE_UK,2024-03-25,1,121.15,12.12,Completed,Processing,
ORD_01587,CUST_094,PROD_ELE_001,STORE_USA,2023-04-14,1,47.04,9.41,Completed,Processing,
ORD_01588,CUST_051,PROD_SPO_002,STORE_USA,2023-08-16,1,123.75,6.19,Completed,Delivered,2023-08-23
ORD_01589,CUST_099,PROD_ELE_001,STORE_USA,2023-12-12,5,47.04,0.0,Pending,Cancelled,
ORD_01590,CUST_052,PROD_BOO_004,STORE_FRANCE,2023-06-03,1,156.9,0.0,Failed,Cancelled,
ORD_01591,CUST_093,PROD_HOM_002,STORE_USA,2023-03-24,5,69.14,69.14,Failed,Cancelled,
ORD_01592,CUST_020,PROD_BOO_002,STORE_MEXICO,2024-04-12,1,198.88,39.78,Completed,Delivered,2024-04-17
ORD_01593,CUST_066,PROD_BEA_002,STORE_FRANCE,2023-12-14,2,373.48,0.0,Completed,Delivered,2023-12-21
ORD_01594,CUST_074,PROD_SPO_001,STORE_AUSTRALIA,2024-01-01,2,496.65,0.0,Completed,Shipped,2024-01-07
ORD_01595,CUST_036,PROD_SPO_001,STORE_FRANCE,2025-02-25,3,496.65,297.99,Completed,Shipped,2025-02-27
ORD_01596,CUST_064,PROD_HOM_001,STORE_JAPAN,2024-09-18,5,476.49,0.0,Pending,Delivered,2024-09-24
ORD_01597,CUST_004,PROD_HOM_001,STORE_GERMANY,2024-06-08,1,476.49,47.65,Failed,Cancelled,
ORD_01598,CUST_014,PROD_ELE_005,STORE_JAPAN,2023-08-03,5,431.77,0.0,Completed,Processing,
ORD_01599,CUST_022,PROD_CLO_004,STORE_INDIA,2024-11-05,1,198.66,0.0,Completed,Shipped,2024-11-11
ORD_01600,CUST_061,PROD_SPO_004,STORE_MEXICO,2023-11-02,1,49.29,4.93,Completed,Shipped,2023-11-06
ORD_01601,CUST_095,PROD_GRO_002,STORE_UK,2023-04-15,1,363.83,72.77,Failed,Cancelled,
ORD_01602,CUST_053,PROD_BEA_001,STORE_FRANCE,2025-02-12,1,373.91,74.78,Pending,Processing,
ORD_01603,CUST_064,PROD_GRO_001,STORE_GERMANY,2024-02-01,2,199.7,39.94,Failed,Cancelled,
ORD_01604,CUST_072,PROD_BOO_001,STORE_CANADA,2024-05-17,5,149.49,0.0,Pending,Delivered,2024-05-19
ORD_01605,CUST_021,PROD_SPO_004,STORE_CANADA,2023-08-26,1,49.29,4.93,Completed,Delivered,2023-08-31
ORD_01606,CUST_064,PROD_CLO_001,STORE_BRAZIL,2024-07-19,1,434.38,86.88,Pending,Shipped,2024-07-21
ORD_01607,CUST_038,PROD_BOO_003,STORE_AUSTRALIA,2024-01-04,5,368.19,92.05,Failed,Cancelled,
ORD_01608,CUST_042,PROD_TOY_005,STORE_JAPAN,2024-10-06,5,238.91,0.0,Completed,Delivered,2024-10-12
ORD_01609,CUST_088,PROD_CLO_004,STORE_MEXICO,2024-03-23,3,198.66,119.2,Completed,Shipped,2024-03-28
ORD_01610,CUST_027,PROD_GRO_002,STORE_UK,2023-08-24,3,363.83,109.15,Completed,Delivered,2023-08-29
ORD_01611,CUST_023,PROD_BOO_005,STORE_INDIA,2023-05-16,1,48.66,2.43,Completed,Delivered,2023-05-23
ORD_01612,CUST_013,PROD_SPO_005,STORE_INDIA,2024-02-10,1,467.79,0.0,Failed,Cancelled,
ORD_01613,CUST_060,PROD_TOY_004,STORE_UK,2023-05-16,1,107.06,21.41,Completed,Delivered,2023-05-23
ORD_01614,CUST_002,PROD_CLO_003,STORE_FRANCE,2023-12-25,2,322.33,128.93,Completed,Delivered,2023-12-31
ORD_01615,CUST_099,PROD_HOM_001,STORE_FRANCE,2024-10-03,3,476.49,0.0,Completed,Processing,
ORD_01616,CUST_020,PROD_BOO_002,STORE_GERMANY,2023-12-20,1,198.88,9.94,Failed,Cancelled,
ORD_01617,CUST_014,PROD_BOO_004,STORE_BRAZIL,2024-10-30,5,156.9,78.45,Completed,Processing,
ORD_01618,CUST_099,PROD_TOY_003,STORE_MEXICO,2023-12-17,5,209.87,209.87,Pending,Delivered,2023-12-20
ORD_01619,CUST_001,PROD_CLO_005,STORE_GERMANY,2023-06-10,3,125.86,0.0,Completed,Delivered,2023-06-15
ORD_01620,CUST_001,PROD_GRO_001,STORE_CANADA,2023-05-01,1,199.7,39.94,Pending,Shipped,2023-05-08
ORD_01621,CUST_061,PROD_GRO_001,STORE_FRANCE,2024-08-02,1,199.7,0.0,Failed,Cancelled,
ORD_01622,CUST_051,PROD_GRO_005,STORE_AUSTRALIA,2025-03-01,2,260.71,26.07,Completed,Processing,
ORD_01623,CUST_041,PROD_SPO_004,STORE_CANADA,2024-11-17,1,49.29,0.0,Completed,Cancelled,
ORD_01624,CUST_019,PROD_HOM_003,STORE_BRAZIL,2024-06-03,2,439.96,44.0,Completed,Processing,
ORD_01625,CUST_056,PROD_GRO_003,STORE_UK,2023-04-03,1,157.05,15.71,Completed,Cancelled,
ORD_01626,CUST_055,PROD_CLO_004,STORE_MEXICO,2024-10-02,1,198.66,19.87,Completed,Delivered,2024-10-09
ORD_01627,CUST_002,PROD_CLO_003,STORE_INDIA,2024-03-12,3,322.33,0.0,Completed,Processing,
ORD_01628,CUST_040,PROD_GRO_002,STORE_CANADA,2024-03-20,1,363.83,72.77,Completed,Processing,
ORD_01629,CUST_035,PROD_BEA_003,STORE_FRANCE,2024-12-25,2,60.35,12.07,Completed,Cancelled,
ORD_01630,CUST_091,PROD_ELE_002,STORE_FRANCE,2024-12-08,1,256.63,51.33,Completed,Cancelled,
ORD_01631,CUST_061,PROD_TOY_004,STORE_INDIA,2024-07-23,1,107.06,10.71,Failed,Cancelled,
ORD_01632,CUST_014,PROD_BEA_003,STORE_JAPAN,2023-04-07,3,60.35,0.0,Completed,Delivered,2023-04-09
ORD_01633,CUST_054,PROD_BOO_003,STORE_USA,2024-06-05,5,368.19,0.0,Completed,Delivered,2024-06-11
ORD_01634,CUST_036,PROD_CLO_003,STORE_MEXICO,2023-03-26,1,322.33,16.12,Completed,Processing,
ORD_01635,CUST_093,PROD_GRO_004,STORE_BRAZIL,2023-03-23,5,383.79,191.9,Pending,Cancelled,
ORD_01636,CUST_086,PROD_BEA_004,STORE_CANADA,2023-09-22,3,329.54,0.0,Completed,Delivered,2023-09-25
ORD_01637,CUST_057,PROD_BEA_003,STORE_FRANCE,2024-11-21,1,60.35,12.07,Pending,Delivered,2024-11-28
ORD_01638,CUST_096,PROD_BEA_001,STORE_FRANCE,2023-12-14,3,373.91,56.09,Completed,Delivered,2023-12-19
ORD_01639,CUST_073,PROD_BOO_001,STORE_MEXICO,2024-06-25,1,149.49,0.0,Completed,Delivered,2024-07-02
ORD_01640,CUST_012,PROD_CLO_002,STORE_JAPAN,2024-11-03,5,194.17,0.0,Completed,Delivered,2024-11-06
ORD_01641,CUST_082,PROD_GRO_004,STORE_INDIA,2023-05-31,5,383.79,0.0,Completed,Cancelled,
ORD_01642,CUST_083,PROD_CLO_003,STORE_UK,2024-01-20,1,322.33,32.23,Completed,Delivered,2024-01-24
ORD_01643,CUST_018,PROD_TOY_002,STORE_JAPAN,2024-05-05,1,213.97,0.0,Completed,Delivered,2024-05-08
ORD_01644,CUST_038,PROD_ELE_002,STORE_INDIA,2023-12-04,1,256.63,25.66,Completed,Processing,
ORD_01645,CUST_047,PROD_GRO_003,STORE_BRAZIL,2024-06-11,5,157.05,0.0,Completed,Processing,
ORD_01646,CUST_050,PROD_BOO_005,STORE_BRAZIL,2024-10-11,1,48.66,4.87,Completed,Cancelled,
ORD_01647,CUST_088,PROD_ELE_004,STORE_GERMANY,2024-02-22,5,121.15,121.15,Failed,Cancelled,
ORD_01648,CUST_096,PROD_ELE_003,STORE_CANADA,2024-08-15,1,134.37,6.72,Completed,Shipped,2024-08-19
ORD_01649,CUST_005,PROD_BOO_003,STORE_BRAZIL,2025-01-11,5,368.19,0.0,Pending,Delivered,2025-01-16
ORD_01650,CUST_076,PROD_GRO_001,STORE_JAPAN,2024-10-06,2,199.7,79.88,Completed,Delivered,2024-10-13
ORD_01651,CUST_014,PROD_GRO_003,STORE_USA,2023-08-18,2,157.05,31.41,Completed,Delivered,2023-08-25
ORD_01652,CUST_013,PROD_CLO_002,STORE_JAPAN,2024-01-16,1,194.17,19.42,Failed,Cancelled,
ORD_01653,CUST_024,PROD_BEA_002,STORE_INDIA,2024-11-29,2,373.48,149.39,Failed,Cancelled,
ORD_01654,CUST_089,PROD_HOM_003,STORE_AUSTRALIA,2024-07-05,1,439.96,22.0,Completed,Processing,
ORD_01655,CUST_044,PROD_SPO_001,STORE_AUSTRALIA,2024-01-10,1,496.65,0.0,Failed,Cancelled,
ORD_01656,CUST_014,PROD_HOM_002,STORE_AUSTRALIA,2023-12-09,3,69.14,20.74,Failed,Cancelled,
ORD_01657,CUST_004,PROD_CLO_001,STORE_BRAZIL,2023-08-26,1,434.38,86.88,Failed,Cancelled,
ORD_01658,CUST_026,PROD_TOY_002,STORE_UK,2023-07-20,5,213.97,53.49,Completed,Delivered,2023-07-24
ORD_01659,CUST_099,PROD_BOO_005,STORE_JAPAN,2024-06-20,2,48.66,0.0,Pending,Delivered,2024-06-27
ORD_01660,CUST_019,PROD_CLO_003,STORE_UK,2024-01-11,1,322.33,0.0,Completed,Delivered,2024-01-14
ORD_01661,CUST_056,PROD_BOO_001,STORE_GERMANY,2023-08-13,5,149.49,149.49,Completed,Delivered,2023-08-18
ORD_01662,CUST_021,PROD_GRO_003,STORE_CANADA,2024-07-03,3,157.05,47.12,Completed,Shipped,2024-07-10
ORD_01663,CUST_049,PROD_HOM_005,STORE_GERMANY,2023-06-15,2,437.26,0.0,Completed,Delivered,2023-06-20
ORD_01664,CUST_099,PROD_GRO_001,STORE_FRANCE,2025-01-27,5,199.7,99.85,Failed,Cancelled,
ORD_01665,CUST_051,PROD_SPO_005,STORE_CANADA,2024-02-27,2,467.79,187.12,Completed,Delivered,2024-03-04
ORD_01666,CUST_023,PROD_ELE_001,STORE_JAPAN,2024-03-13,1,47.04,9.41,Completed,Processing,
ORD_01667,CUST_077,PROD_HOM_001,STORE_CANADA,2024-12-29,1,476.49,0.0,Pending,Delivered,2024-12-31
ORD_01668,CUST_028,PROD_ELE_005,STORE_AUSTRALIA,2023-06-12,1,431.77,43.18,Completed,Shipped,2023-06-15
ORD_01669,CUST_037,PROD_ELE_005,STORE_AUSTRALIA,2025-01-28,2,431.77,0.0,Completed,Shipped,2025-01-31
ORD_01670,CUST_021,PROD_HOM_001,STORE_BRAZIL,2023-06-25,2,476.49,0.0,Completed,Cancelled,
ORD_01671,CUST_094,PROD_BOO_002,STORE_AUSTRALIA,2023-03-21,1,198.88,9.94,Completed,Processing,
ORD_01672,CUST_065,PROD_GRO_005,STORE_INDIA,2023-03-20,2,260.71,52.14,Pending,Delivered,2023-03-24
ORD_01673,CUST_055,PROD_ELE_002,STORE_CANADA,2024-11-16,2,256.63,102.65,Completed,Shipped,2024-11-23
ORD_01674,CUST_043,PROD_SPO_005,STORE_JAPAN,2023-07-01,1,467.79,46.78,Failed,Cancelled,
ORD_01675,CUST_098,PROD_GRO_005,STORE_CANADA,2023-08-09,1,260.71,13.04,Failed,Cancelled,
ORD_01676,CUST_034,PROD_CLO_003,STORE_BRAZIL,2024-11-27,5,322.33,161.16,Pending,Delivered,2024-12-02
ORD_01677,CUST_037,PROD_BEA_003,STORE_CANADA,2024-07-22,2,60.35,6.04,Completed,Processing,
ORD_01678,CUST_088,PROD_GRO_004,STORE_FRANCE,2024-05-17,1,383.79,19.19,Completed,Processing,
ORD_01679,CUST_035,PROD_CLO_002,STORE_FRANCE,2024-03-08,2,194.17,0.0,Pending,Delivered,2024-03-12
ORD_01680,CUST_082,PROD_BEA_003,STORE_MEXICO,2023-07-01,1,60.35,0.0,Failed,Cancelled,
ORD_01681,CUST_095,PROD_HOM_001,STORE_GERMANY,2023-09-04,1,476.49,95.3,Completed,Delivered,2023-09-11
ORD_01682,CUST_019,PROD_SPO_002,STORE_AUSTRALIA,2023-12-15,1,123.75,12.38,Failed,Cancelled,
ORD_01683,CUST_032,PROD_SPO_004,STORE_MEXICO,2024-06-20,1,49.29,0.0,Completed,Delivered,2024-06-22
ORD_01684,CUST_019,PROD_TOY_004,STORE_CANADA,2024-04-03,3,107.06,0.0,Completed,Cancelled,
ORD_01685,CUST_096,PROD_ELE_005,STORE_AUSTRALIA,2024-04-22,1,431.77,0.0,Completed,Cancelled,
ORD_01686,CUST_084,PROD_BOO_001,STORE_AUSTRALIA,2023-07-06,1,149.49,29.9,Completed,Delivered,2023-07-12
ORD_01687,CUST_066,PROD_SPO_005,STORE_GERMANY,2025-02-16,1,467.79,23.39,Failed,Cancelled,
ORD_01688,CUST_061,PROD_CLO_004,STORE_AUSTRALIA,2023-12-15,5,198.66,0.0,Completed,Processing,
ORD_01689,CUST_086,PROD_BEA_003,STORE_MEXICO,2024-04-20,1,60.35,3.02,Completed,Delivered,2024-04-25
ORD_01690,CUST_027,PROD_BEA_002,STORE_AUSTRALIA,2025-01-09,1,373.48,18.67,Completed,Shipped,2025-01-15
ORD_01691,CUST_082,PROD_GRO_001,STORE_CANADA,2023-10-21,1,199.7,0.0,Completed,Delivered,2023-10-23
ORD_01692,CUST_079,PROD_ELE_004,STORE_MEXICO,2024-06-22,3,121.15,36.35,Failed,Cancelled,
ORD_01693,CUST_043,PROD_SPO_005,STORE_AUSTRALIA,2024-07-08,3,467.79,0.0,Completed,Delivered,2024-07-12
ORD_01694,CUST_045,PROD_HOM_004,STORE_UK,2024-06-24,5,385.66,192.83,Completed,Processing,
ORD_01695,CUST_090,PROD_CLO_001,STORE_AUSTRALIA,2023-11-25,2,434.38,0.0,Failed,Cancelled,
ORD_01696,CUST_011,PROD_SPO_002,STORE_BRAZIL,2024-02-25,1,123.75,0.0,Failed,Cancelled,
ORD_01697,CUST_048,PROD_ELE_005,STORE_FRANCE,2024-01-25,2,431.77,86.35,Completed,Delivered,2024-01-31
ORD_01698,CUST_075,PROD_CLO_001,STORE_MEXICO,2024-03-03,3,434.38,130.31,Pending,Delivered,2024-03-07
ORD_01699,CUST_072,PROD_SPO_002,STORE_GERMANY,2024-03-27,3,123.75,0.0,Pending,Processing,
ORD_01700,CUST_016,PROD_BOO_002,STORE_AUSTRALIA,2023-10-18,1,198.88,0.0,Failed,Cancelled,
ORD_01701,CUST_038,PROD_CLO_002,STORE_UK,2024-04-22,3,194.17,58.25,Completed,Delivered,2024-04-27
ORD_01702,CUST_077,PROD_ELE_003,STORE_JAPAN,2024-03-14,5,134.37,0.0,Completed,Processing,
ORD_01703,CUST_069,PROD_SPO_005,STORE_AUSTRALIA,2023-10-25,2,467.79,93.56,Pending,Delivered,2023-10-30
ORD_01704,CUST_021,PROD_CLO_002,STORE_AUSTRALIA,2023-12-29,1,194.17,38.83,Completed,Shipped,2024-01-05
ORD_01705,CUST_023,PROD_BOO_002,STORE_AUSTRALIA,2024-10-23,5,198.88,99.44,Pending,Shipped,2024-10-26
ORD_01706,CUST_082,PROD_BEA_002,STORE_MEXICO,2023-10-24,1,373.48,74.7,Failed,Cancelled,
ORD_01707,CUST_065,PROD_BOO_001,STORE_MEXICO,2024-10-13,5,149.49,74.75,Completed,Delivered,2024-10-19
ORD_01708,CUST_032,PROD_CLO_001,STORE_MEXICO,2024-12-08,2,434.38,0.0,Completed,Delivered,2024-12-15
ORD_01709,CUST_077,PROD_GRO_005,STORE_BRAZIL,2024-08-13,1,260.71,0.0,Pending,Delivered,2024-08-20
ORD_01710,CUST_031,PROD_CLO_002,STORE_INDIA,2025-03-07,1,194.17,9.71,Completed,Delivered,2025-03-09
ORD_01711,CUST_004,PROD_CLO_004,STORE_MEXICO,2024-06-23,2,198.66,0.0,Failed,Cancelled,
ORD_01712,CUST_057,PROD_ELE_001,STORE_UK,2024-06-23,3,47.04,0.0,Failed,Cancelled,
ORD_01713,CUST_043,PROD_CLO_001,STORE_GERMANY,2024-06-24,5,434.38,0.0,Completed,Cancelled,
ORD_01714,CUST_005,PROD_HOM_002,STORE_BRAZIL,2024-07-02,2,69.14,0.0,Pending,Delivered,2024-07-09
ORD_01715,CUST_069,PROD_BOO_003,STORE_MEXICO,2024-12-30,3,368.19,0.0,Pending,Shipped,2025-01-06
ORD_01716,CUST_008,PROD_ELE_004,STORE_AUSTRALIA,2023-04-18,1,121.15,12.12,Failed,Cancelled,
ORD_01717,CUST_081,PROD_HOM_004,STORE_AUSTRALIA,2023-07-14,1,385.66,0.0,Completed,Processing,
ORD_01718,CUST_097,PROD_BOO_003,STORE_UK,2024-03-18,2,368.19,36.82,Completed,Delivered,2024-03-23
ORD_01719,CUST_027,PROD_ELE_002,STORE_CANADA,2024-02-09,5,256.63,0.0,Pending,Cancelled,
ORD_01720,CUST_063,PROD_ELE_001,STORE_FRANCE,2024-02-22,1,47.04,4.7,Completed,Shipped,2024-02-29
ORD_01721,CUST_034,PROD_TOY_002,STORE_FRANCE,2024-11-06,1,213.97,0.0,Completed,Processing,
ORD_01722,CUST_037,PROD_BEA_002,STORE_GERMANY,2024-03-22,3,373.48,56.02,Completed,Delivered,2024-03-29
ORD_01723,CUST_021,PROD_TOY_002,STORE_FRANCE,2024-07-07,5,213.97,106.99,Completed,Delivered,2024-07-14
ORD_01724,CUST_089,PROD_BOO_004,STORE_UK,2024-11-20,1,156.9,15.69,Completed,Cancelled,
ORD_01725,CUST_030,PROD_BEA_002,STORE_GERMANY,2024-10-26,1,373.48,0.0,Failed,Cancelled,
ORD_01726,CUST_002,PROD_ELE_002,STORE_JAPAN,2024-08-10,5,256.63,256.63,Pending,Shipped,2024-08-16
ORD_01727,CUST_022,PROD_GRO_003,STORE_UK,2024-10-30,3,157.05,23.56,Failed,Cancelled,
ORD_01728,CUST_048,PROD_GRO_005,STORE_INDIA,2024-12-31,1,260.71,52.14,Pending,Delivered,2025-01-05
ORD_01729,CUST_049,PROD_BEA_001,STORE_CANADA,2024-02-22,1,373.91,18.7,Completed,Delivered,2024-02-25
ORD_01730,CUST_036,PROD_TOY_004,STORE_CANADA,2025-01-02,1,107.06,5.35,Pending,Shipped,2025-01-08
ORD_01731,CUST_082,PROD_BEA_001,STORE_BRAZIL,2023-10-28,5,373.91,0.0,Completed,Cancelled,
ORD_01732,CUST_005,PROD_HOM_001,STORE_CANADA,2024-02-09,3,476.49,0.0,Completed,Processing,
ORD_01733,CUST_069,PROD_SPO_005,STORE_CANADA,2023-05-05,2,467.79,187.12,Failed,Cancelled,
ORD_01734,CUST_032,PROD_ELE_001,STORE_FRANCE,2023-09-12,5,47.04,0.0,Completed,Cancelled,
ORD_01735,CUST_092,PROD_HOM_005,STORE_UK,2023-04-19,3,437.26,65.59,Failed,Cancelled,
ORD_01736,CUST_036,PROD_BOO_001,STORE_GERMANY,2023-05-13,1,149.49,29.9,Completed,Delivered,2023-05-16
ORD_01737,CUST_030,PROD_ELE_001,STORE_MEXICO,2024-10-24,2,47.04,9.41,Completed,Processing,
ORD_01738,CUST_007,PROD_GRO_001,STORE_CANADA,2023-09-26,2,199.7,0.0,Pending,Delivered,2023-10-01
ORD_01739,CUST_026,PROD_BOO_002,STORE_BRAZIL,2024-11-01,1,198.88,39.78,Pending,Delivered,2024-11-07
ORD_01740,CUST_002,PROD_TOY_003,STORE_AUSTRALIA,2023-07-01,5,209.87,104.94,Completed,Processing,
ORD_01741,CUST_082,PROD_TOY_005,STORE_INDIA,2023-03-09,1,238.91,23.89,Failed,Cancelled,
ORD_01742,CUST_035,PROD_SPO_002,STORE_UK,2024-02-08,3,123.75,37.12,Failed,Cancelled,
ORD_01743,CUST_037,PROD_ELE_005,STORE_FRANCE,2024-09-03,1,431.77,21.59,Completed,Cancelled,
ORD_01744,CUST_072,PROD_SPO_003,STORE_FRANCE,2024-12-08,2,49.36,0.0,Completed,Shipped,2024-12-10
ORD_01745,CUST_041,PROD_SPO_003,STORE_INDIA,2024-07-28,1,49.36,0.0,Completed,Shipped,2024-08-04
ORD_01746,CUST_039,PROD_BOO_002,STORE_INDIA,2024-02-22,5,198.88,198.88,Completed,Delivered,2024-02-24
ORD_01747,CUST_098,PROD_CLO_005,STORE_GERMANY,2024-01-17,3,125.86,18.88,Completed,Processing,
ORD_01748,CUST_061,PROD_BOO_002,STORE_FRANCE,2024-11-22,1,198.88,39.78,Completed,Delivered,2024-11-25
ORD_01749,CUST_025,PROD_HOM_001,STORE_UK,2023-08-17,3,476.49,0.0,Completed,Processing,
ORD_01750,CUST_061,PROD_TOY_004,STORE_AUSTRALIA,2023-12-09,1,107.06,5.35,Pending,Delivered,2023-12-13
ORD_01751,CUST_019,PROD_ELE_005,STORE_JAPAN,2024-03-05,5,431.77,107.94,Pending,Delivered,2024-03-10
ORD_01752,CUST_073,PROD_HOM_001,STORE_AUSTRALIA,2023-03-14,2,476.49,0.0,Pending,Delivered,2023-03-21
ORD_01753,CUST_018,PROD_HOM_005,STORE_FRANCE,2023-03-28,5,437.26,0.0,Completed,Cancelled,
ORD_01754,CUST_092,PROD_ELE_002,STORE_FRANCE,2024-03-25,1,256.63,12.83,Pending,Shipped,2024-03-29
ORD_01755,CUST_072,PROD_TOY_001,STORE_GERMANY,2023-10-15,3,107.16,64.3,Pending,Delivered,2023-10-17
ORD_01756,CUST_010,PROD_ELE_001,STORE_UK,2024-02-05,5,47.04,23.52,Failed,Cancelled,
ORD_01757,CUST_061,PROD_BEA_003,STORE_AUSTRALIA,2025-02-10,5,60.35,30.18,Completed,Delivered,2025-02-16
ORD_01758,CUST_076,PROD_GRO_005,STORE_USA,2023-06-20,1,260.71,13.04,Completed,Processing,
ORD_01759,CUST_048,PROD_HOM_004,STORE_FRANCE,2023-06-30,2,385.66,0.0,Completed,Delivered,2023-07-07
ORD_01760,CUST_053,PROD_BOO_005,STORE_UK,2024-11-01,1,48.66,9.73,Completed,Processing,
ORD_01761,CUST_012,PROD_HOM_004,STORE_GERMANY,2024-02-07,3,385.66,231.4,Completed,Processing,
ORD_01762,CUST_068,PROD_ELE_004,STORE_USA,2023-07-30,1,121.15,6.06,Completed,Shipped,2023-08-06
ORD_01763,CUST_028,PROD_CLO_002,STORE_JAPAN,2024-06-30,1,194.17,19.42,Completed,Delivered,2024-07-03
ORD_01764,CUST_087,PROD_ELE_002,STORE_FRANCE,2024-11-16,5,256.63,0.0,Completed,Delivered,2024-11-23
ORD_01765,CUST_053,PROD_HOM_003,STORE_AUSTRALIA,2024-07-19,1,439.96,87.99,Completed,Processing,
ORD_01766,CUST_048,PROD_BEA_002,STORE_MEXICO,2024-05-29,1,373.48,74.7,Completed,Processing,
ORD_01767,CUST_063,PROD_ELE_004,STORE_MEXICO,2024-02-13,5,121.15,0.0,Completed,Processing,
ORD_01768,CUST_012,PROD_TOY_001,STORE_CANADA,2024-09-03,1,107.16,21.43,Completed,Processing,
ORD_01769,CUST_060,PROD_TOY_005,STORE_GERMANY,2023-05-22,5,238.91,119.46,Completed,Shipped,2023-05-27
ORD_01770,CUST_095,PROD_BOO_005,STORE_JAPAN,2023-05-22,1,48.66,9.73,Completed,Shipped,2023-05-28
ORD_01771,CUST_100,PROD_HOM_003,STORE_USA,2024-04-23,3,439.96,65.99,Completed,Processing,
ORD_01772,CUST_050,PROD_BEA_002,STORE_USA,2023-10-25,1,373.48,37.35,Completed,Delivered,2023-10-28
ORD_01773,CUST_075,PROD_GRO_001,STORE_BRAZIL,2024-06-19,5,199.7,0.0,Failed,Cancelled,
ORD_01774,CUST_046,PROD_TOY_002,STORE_UK,2023-09-18,1,213.97,0.0,Completed,Delivered,2023-09-20
ORD_01775,CUST_004,PROD_SPO_005,STORE_MEXICO,2023-04-18,1,467.79,93.56,Completed,Delivered,2023-04-22
ORD_01776,CUST_041,PROD_CLO_005,STORE_GERMANY,2023-10-01,1,125.86,0.0,Pending,Delivered,2023-10-04
ORD_01777,CUST_028,PROD_GRO_003,STORE_USA,2023-07-27,2,157.05,0.0,Pending,Delivered,2023-08-01
ORD_01778,CUST_096,PROD_CLO_004,STORE_AUSTRALIA,2023-04-28,2,198.66,39.73,Pending,Delivered,2023-05-01
ORD_01779,CUST_099,PROD_GRO_005,STORE_MEXICO,2023-07-14,1,260.71,0.0,Failed,Cancelled,
ORD_01780,CUST_075,PROD_SPO_004,STORE_CANADA,2023-08-22,1,49.29,0.0,Pending,Cancelled,
ORD_01781,CUST_078,PROD_GRO_003,STORE_JAPAN,2024-05-07,1,157.05,0.0,Completed,Processing,
ORD_01782,CUST_047,PROD_SPO_001,STORE_FRANCE,2024-08-10,1,496.65,49.66,Completed,Delivered,2024-08-15
ORD_01783,CUST_054,PROD_HOM_001,STORE_CANADA,2024-03-06,1,476.49,23.82,Completed,Shipped,2024-03-13
ORD_01784,CUST_039,PROD_CLO_005,STORE_CANADA,2025-01-03,5,125.86,62.93,Pending,Delivered,2025-01-07
ORD_01785,CUST_094,PROD_GRO_001,STORE_USA,2023-07-31,1,199.7,0.0,Failed,Cancelled,
ORD_01786,CUST_002,PROD_BOO_004,STORE_BRAZIL,2023-08-15,1,156.9,15.69,Completed,Delivered,2023-08-21
ORD_01787,CUST_027,PROD_ELE_004,STORE_JAPAN,2024-11-30,2,121.15,0.0,Pending,Delivered,2024-12-03
ORD_01788,CUST_067,PROD_BOO_005,STORE_UK,2024-03-16,1,48.66,0.0,Completed,Shipped,2024-03-19
ORD_01789,CUST_040,PROD_HOM_001,STORE_JAPAN,2023-12-05,3,476.49,71.47,Completed,Delivered,2023-12-09
ORD_01790,CUST_004,PROD_SPO_001,STORE_USA,2023-08-03,2,496.65,0.0,Failed,Cancelled,
ORD_01791,CUST_049,PROD_TOY_004,STORE_BRAZIL,2023-08-29,1,107.06,0.0,Completed,Delivered,2023-09-01
ORD_01792,CUST_012,PROD_HOM_002,STORE_CANADA,2023-07-02,2,69.14,13.83,Pending,Processing,
ORD_01793,CUST_057,PROD_BOO_004,STORE_MEXICO,2024-12-20,1,156.9,7.85,Pending,Shipped,2024-12-24
ORD_01794,CUST_017,PROD_GRO_001,STORE_BRAZIL,2024-03-17,3,199.7,0.0,Pending,Shipped,2024-03-24
ORD_01795,CUST_074,PROD_CLO_003,STORE_UK,2023-10-19,3,322.33,0.0,Completed,Delivered,2023-10-26
ORD_01796,CUST_011,PROD_BOO_002,STORE_AUSTRALIA,2023-12-23,3,198.88,0.0,Completed,Delivered,2023-12-27
ORD_01797,CUST_024,PROD_ELE_005,STORE_JAPAN,2025-03-05,2,431.77,172.71,Failed,Cancelled,
ORD_01798,CUST_067,PROD_TOY_002,STORE_FRANCE,2023-07-21,1,213.97,21.4,Completed,Cancelled,
ORD_01799,CUST_019,PROD_TOY_003,STORE_USA,2024-04-06,5,209.87,0.0,Completed,Delivered,2024-04-08
ORD_01800,CUST_019,PROD_BEA_003,STORE_GERMANY,2023-08-21,2,60.35,6.04,Completed,Processing,
ORD_01801,CUST_062,PROD_SPO_001,STORE_JAPAN,2023-09-17,5,496.65,496.65,Pending,Shipped,2023-09-20
ORD_01802,CUST_059,PROD_TOY_005,STORE_FRANCE,2024-09-17,2,238.91,0.0,Completed,Cancelled,
ORD_01803,CUST_099,PROD_SPO_003,STORE_JAPAN,2024-02-17,1,49.36,2.47,Completed,Shipped,2024-02-23
ORD_01804,CUST_059,PROD_BOO_002,STORE_JAPAN,2024-08-21,1,198.88,0.0,Completed,Shipped,2024-08-28
ORD_01805,CUST_004,PROD_SPO_005,STORE_UK,2023-06-13,1,467.79,46.78,Completed,Delivered,2023-06-19
ORD_01806,CUST_092,PROD_ELE_004,STORE_UK,2024-02-27,1,121.15,12.12,Pending,Processing,
ORD_01807,CUST_011,PROD_SPO_003,STORE_UK,2024-04-19,3,49.36,0.0,Completed,Cancelled,
ORD_01808,CUST_029,PROD_BEA_002,STORE_GERMANY,2024-03-05,3,373.48,224.09,Completed,Processing,
ORD_01809,CUST_068,PROD_SPO_004,STORE_USA,2024-09-04,1,49.29,9.86,Completed,Cancelled,
ORD_01810,CUST_068,PROD_CLO_001,STORE_JAPAN,2023-08-18,1,434.38,0.0,Failed,Cancelled,
ORD_01811,CUST_029,PROD_BOO_005,STORE_BRAZIL,2024-11-22,2,48.66,0.0,Completed,Delivered,2024-11-27
ORD_01812,CUST_038,PROD_GRO_005,STORE_BRAZIL,2024-05-13,2,260.71,52.14,Completed,Delivered,2024-05-20
ORD_01813,CUST_039,PROD_BEA_001,STORE_CANADA,2023-11-21,5,373.91,373.91,Completed,Delivered,2023-11-28
ORD_01814,CUST_079,PROD_TOY_004,STORE_CANADA,2023-05-08,2,107.06,0.0,Completed,Shipped,2023-05-11
ORD_01815,CUST_098,PROD_ELE_001,STORE_AUSTRALIA,2023-08-19,5,47.04,23.52,Pending,Processing,
ORD_01816,CUST_025,PROD_ELE_001,STORE_JAPAN,2023-05-20,1,47.04,2.35,Completed,Shipped,2023-05-22
ORD_01817,CUST_093,PROD_TOY_003,STORE_UK,2023-10-05,2,209.87,0.0,Completed,Delivered,2023-10-07
ORD_01818,CUST_082,PROD_BOO_003,STORE_BRAZIL,2024-01-21,3,368.19,0.0,Failed,Cancelled,
ORD_01819,CUST_061,PROD_CLO_005,STORE_INDIA,2024-01-08,1,125.86,25.17,Failed,Cancelled,
ORD_01820,CUST_059,PROD_BOO_005,STORE_CANADA,2024-02-21,1,48.66,0.0,Pending,Delivered,2024-02-23
ORD_01821,CUST_081,PROD_HOM_005,STORE_AUSTRALIA,2024-10-28,1,437.26,43.73,Completed,Delivered,2024-11-03
ORD_01822,CUST_014,PROD_BOO_001,STORE_MEXICO,2024-11-11,1,149.49,0.0,Pending,Cancelled,
ORD_01823,CUST_056,PROD_HOM_002,STORE_USA,2024-12-21,1,69.14,3.46,Completed,Delivered,2024-12-28
ORD_01824,CUST_066,PROD_GRO_002,STORE_AUSTRALIA,2025-01-19,1,363.83,18.19,Completed,Delivered,2025-01-21
ORD_01825,CUST_092,PROD_SPO_002,STORE_GERMANY,2024-10-28,2,123.75,0.0,Failed,Cancelled,
ORD_01826,CUST_056,PROD_ELE_003,STORE_CANADA,2025-03-03,2,134.37,53.75,Failed,Cancelled,
ORD_01827,CUST_073,PROD_GRO_005,STORE_MEXICO,2024-08-21,5,260.71,130.35,Completed,Processing,
ORD_01828,CUST_014,PROD_TOY_003,STORE_CANADA,2024-10-18,1,209.87,0.0,Completed,Delivered,2024-10-24
ORD_01829,CUST_087,PROD_TOY_004,STORE_AUSTRALIA,2024-04-15,5,107.06,0.0,Completed,Cancelled,
ORD_01830,CUST_057,PROD_HOM_005,STORE_MEXICO,2024-08-25,1,437.26,43.73,Pending,Cancelled,
ORD_01831,CUST_004,PROD_CLO_004,STORE_MEXICO,2023-09-10,1,198.66,9.93,Completed,Delivered,2023-09-15
ORD_01832,CUST_004,PROD_HOM_005,STORE_FRANCE,2024-03-10,5,437.26,109.31,Completed,Delivered,2024-03-14
ORD_01833,CUST_058,PROD_BEA_004,STORE_JAPAN,2024-06-20,5,329.54,82.39,Completed,Delivered,2024-06-26
ORD_01834,CUST_099,PROD_TOY_001,STORE_JAPAN,2024-04-22,1,107.16,0.0,Pending,Delivered,2024-04-26
ORD_01835,CUST_046,PROD_TOY_005,STORE_BRAZIL,2023-10-28,1,238.91,11.95,Completed,Cancelled,
ORD_01836,CUST_012,PROD_HOM_001,STORE_JAPAN,2024-12-04,2,476.49,0.0,Pending,Delivered,2024-12-08
ORD_01837,CUST_091,PROD_SPO_002,STORE_JAPAN,2024-02-17,2,123.75,12.38,Completed,Delivered,2024-02-21
ORD_01838,CUST_003,PROD_BOO_003,STORE_GERMANY,2024-10-24,1,368.19,73.64,Failed,Cancelled,
ORD_01839,CUST_038,PROD_TOY_001,STORE_BRAZIL,2023-09-07,2,107.16,42.86,Completed,Delivered,2023-09-09
ORD_01840,CUST_012,PROD_TOY_004,STORE_AUSTRALIA,2023-12-03,1,107.06,5.35,Failed,Cancelled,
ORD_01841,CUST_046,PROD_HOM_001,STORE_UK,2024-04-06,1,476.49,23.82,Failed,Cancelled,
ORD_01842,CUST_073,PROD_BOO_001,STORE_JAPAN,2023-10-25,2,149.49,0.0,Completed,Processing,
ORD_01843,CUST_020,PROD_ELE_003,STORE_USA,2024-07-27,1,134.37,0.0,Completed,Delivered,2024-08-01
ORD_01844,CUST_083,PROD_CLO_004,STORE_UK,2023-03-21,1,198.66,0.0,Completed,Processing,
ORD_01845,CUST_062,PROD_HOM_004,STORE_AUSTRALIA,2024-09-28,3,385.66,231.4,Completed,Shipped,2024-10-01
ORD_01846,CUST_067,PROD_TOY_003,STORE_AUSTRALIA,2024-12-10,3,209.87,62.96,Completed,Cancelled,
ORD_01847,CUST_047,PROD_ELE_002,STORE_AUSTRALIA,2024-03-22,1,256.63,0.0,Completed,Processing,
ORD_01848,CUST_046,PROD_BEA_005,STORE_UK,2024-02-01,5,149.64,0.0,Failed,Cancelled,
ORD_01849,CUST_075,PROD_BOO_004,STORE_CANADA,2024-08-09,5,156.9,78.45,Failed,Cancelled,
ORD_01850,CUST_041,PROD_BOO_002,STORE_MEXICO,2023-10-28,5,198.88,49.72,Failed,Cancelled,
ORD_01851,CUST_029,PROD_HOM_005,STORE_FRANCE,2024-10-17,1,437.26,43.73,Failed,Cancelled,
ORD_01852,CUST_057,PROD_SPO_002,STORE_MEXICO,2024-05-28,1,123.75,0.0,Completed,Processing,
ORD_01853,CUST_058,PROD_TOY_001,STORE_USA,2024-02-27,2,107.16,0.0,Completed,Cancelled,
ORD_01854,CUST_046,PROD_BEA_005,STORE_FRANCE,2024-10-12,1,149.64,0.0,Failed,Cancelled,
ORD_01855,CUST_063,PROD_HOM_003,STORE_UK,2024-04-17,1,439.96,44.0,Completed,Processing,
ORD_01856,CUST_090,PROD_ELE_005,STORE_JAPAN,2023-11-02,3,431.77,259.06,Pending,Delivered,2023-11-08
ORD_01857,CUST_088,PROD_TOY_003,STORE_JAPAN,2023-03-15,3,209.87,0.0,Completed,Processing,
ORD_01858,CUST_016,PROD_BEA_005,STORE_MEXICO,2023-05-13,3,149.64,44.89,Completed,Cancelled,
ORD_01859,CUST_025,PROD_ELE_001,STORE_MEXICO,2023-09-08,1,47.04,0.0,Pending,Cancelled,
ORD_01860,CUST_016,PROD_GRO_002,STORE_CANADA,2023-06-13,2,363.83,145.53,Pending,Shipped,2023-06-18
ORD_01861,CUST_090,PROD_SPO_001,STORE_UK,2024-02-23,1,496.65,0.0,Completed,Delivered,2024-02-26
ORD_01862,CUST_091,PROD_HOM_003,STORE_FRANCE,2024-08-01,1,439.96,0.0,Completed,Shipped,2024-08-04
ORD_01863,CUST_030,PROD_GRO_003,STORE_CANADA,2024-02-19,2,157.05,0.0,Failed,Cancelled,
ORD_01864,CUST_033,PROD_BEA_002,STORE_MEXICO,2023-05-10,3,373.48,0.0,Completed,Delivered,2023-05-13
ORD_01865,CUST_001,PROD_SPO_004,STORE_USA,2023-03-13,1,49.29,4.93,Completed,Delivered,2023-03-19
ORD_01866,CUST_073,PROD_GRO_004,STORE_CANADA,2023-09-01,1,383.79,76.76,Pending,Delivered,2023-09-07
ORD_01867,CUST_028,PROD_GRO_003,STORE_CANADA,2025-02-05,1,157.05,31.41,Completed,Processing,
ORD_01868,CUST_023,PROD_HOM_004,STORE_UK,2024-08-09,1,385.66,38.57,Completed,Processing,
ORD_01869,CUST_005,PROD_SPO_005,STORE_CANADA,2024-01-22,1,467.79,0.0,Completed,Cancelled,
ORD_01870,CUST_024,PROD_TOY_003,STORE_BRAZIL,2023-08-27,1,209.87,20.99,Completed,Processing,
ORD_01871,CUST_020,PROD_TOY_005,STORE_JAPAN,2024-06-16,5,238.91,238.91,Pending,Shipped,2024-06-18
ORD_01872,CUST_086,PROD_TOY_001,STORE_CANADA,2024-02-18,1,107.16,5.36,Completed,Delivered,2024-02-23
ORD_01873,CUST_025,PROD_HOM_001,STORE_USA,2024-03-09,1,476.49,47.65,Failed,Cancelled,
ORD_01874,CUST_013,PROD_SPO_004,STORE_CANADA,2025-01-16,5,49.29,12.32,Failed,Cancelled,
ORD_01875,CUST_073,PROD_TOY_002,STORE_BRAZIL,2024-08-24,2,213.97,85.59,Completed,Delivered,2024-08-28
ORD_01876,CUST_018,PROD_HOM_004,STORE_GERMANY,2024-01-02,5,385.66,192.83,Pending,Shipped,2024-01-07
ORD_01877,CUST_011,PROD_SPO_002,STORE_USA,2024-07-24,1,123.75,6.19,Failed,Cancelled,
ORD_01878,CUST_062,PROD_TOY_005,STORE_AUSTRALIA,2024-01-16,2,238.91,23.89,Completed,Processing,
ORD_01879,CUST_006,PROD_CLO_003,STORE_CANADA,2024-01-17,3,322.33,193.4,Failed,Cancelled,
ORD_01880,CUST_023,PROD_GRO_001,STORE_USA,2024-09-06,1,199.7,0.0,Completed,Shipped,2024-09-09
ORD_01881,CUST_046,PROD_SPO_005,STORE_USA,2025-02-06,2,467.79,187.12,Failed,Cancelled,
ORD_01882,CUST_023,PROD_SPO_003,STORE_JAPAN,2025-02-03,5,49.36,0.0,Completed,Delivered,2025-02-08
ORD_01883,CUST_024,PROD_CLO_005,STORE_JAPAN,2023-05-22,5,125.86,0.0,Pending,Delivered,2023-05-28
ORD_01884,CUST_082,PROD_TOY_005,STORE_USA,2023-04-24,2,238.91,0.0,Completed,Delivered,2023-04-26
ORD_01885,CUST_031,PROD_GRO_002,STORE_UK,2024-04-11,1,363.83,18.19,Pending,Delivered,2024-04-14
ORD_01886,CUST_019,PROD_TOY_004,STORE_GERMANY,2024-12-04,5,107.06,26.77,Pending,Cancelled,
ORD_01887,CUST_074,PROD_ELE_005,STORE_GERMANY,2025-01-06,5,431.77,107.94,Pending,Cancelled,
ORD_01888,CUST_002,PROD_HOM_002,STORE_AUSTRALIA,2024-03-29,1,69.14,0.0,Pending,Delivered,2024-04-04
ORD_01889,CUST_002,PROD_HOM_001,STORE_USA,2025-02-18,2,476.49,0.0,Completed,Delivered,2025-02-25
ORD_01890,CUST_015,PROD_BOO_003,STORE_UK,2024-07-21,1,368.19,0.0,Failed,Cancelled,
ORD_01891,CUST_042,PROD_CLO_001,STORE_FRANCE,2025-02-03,5,434.38,217.19,Completed,Processing,
ORD_01892,CUST_037,PROD_ELE_004,STORE_MEXICO,2023-12-01,1,121.15,0.0,Pending,Delivered,2023-12-03
ORD_01893,CUST_072,PROD_SPO_002,STORE_GERMANY,2023-07-17,3,123.75,0.0,Pending,Shipped,2023-07-19
ORD_01894,CUST_015,PROD_CLO_005,STORE_USA,2024-04-09,1,125.86,0.0,Completed,Delivered,2024-04-14
ORD_01895,CUST_079,PROD_GRO_004,STORE_INDIA,2023-08-02,2,383.79,153.52,Completed,Cancelled,
ORD_01896,CUST_065,PROD_CLO_003,STORE_GERMANY,2024-01-28,1,322.33,64.47,Completed,Delivered,2024-02-01
ORD_01897,CUST_033,PROD_CLO_002,STORE_JAPAN,2024-06-24,1,194.17,0.0,Pending,Shipped,2024-06-27
ORD_01898,CUST_038,PROD_SPO_003,STORE_CANADA,2023-10-25,1,49.36,0.0,Completed,Cancelled,
ORD_01899,CUST_093,PROD_HOM_004,STORE_USA,2024-06-02,1,385.66,0.0,Failed,Cancelled,
ORD_01900,CUST_068,PROD_ELE_004,STORE_BRAZIL,2023-08-20,1,121.15,24.23,Completed,Delivered,2023-08-22
ORD_01901,CUST_088,PROD_BEA_005,STORE_AUSTRALIA,2024-08-20,3,149.64,0.0,Failed,Cancelled,
ORD_01902,CUST_093,PROD_CLO_001,STORE_JAPAN,2024-03-22,1,434.38,0.0,Completed,Cancelled,
ORD_01903,CUST_030,PROD_BEA_001,STORE_AUSTRALIA,2023-03-12,3,373.91,0.0,Pending,Processing,
ORD_01904,CUST_016,PROD_CLO_005,STORE_USA,2024-10-06,3,125.86,0.0,Completed,Cancelled,
ORD_01905,CUST_061,PROD_TOY_002,STORE_AUSTRALIA,2023-12-23,5,213.97,213.97,Pending,Shipped,2023-12-30
ORD_01906,CUST_031,PROD_SPO_002,STORE_MEXICO,2023-11-20,1,123.75,12.38,Pending,Delivered,2023-11-25
ORD_01907,CUST_069,PROD_GRO_004,STORE_GERMANY,2023-08-03,1,383.79,0.0,Pending,Delivered,2023-08-06
ORD_01908,CUST_048,PROD_BEA_002,STORE_AUSTRALIA,2024-01-10,1,373.48,0.0,Pending,Shipped,2024-01-17
ORD_01909,CUST_070,PROD_CLO_005,STORE_AUSTRALIA,2023-07-15,5,125.86,31.46,Completed,Shipped,2023-07-20
ORD_01910,CUST_054,PROD_HOM_005,STORE_INDIA,2024-06-05,2,437.26,87.45,Completed,Delivered,2024-06-09
ORD_01911,CUST_086,PROD_HOM_001,STORE_UK,2024-09-01,1,476.49,0.0,Completed,Cancelled,
ORD_01912,CUST_025,PROD_TOY_002,STORE_GERMANY,2025-01-12,3,213.97,32.1,Pending,Processing,
ORD_01913,CUST_098,PROD_HOM_002,STORE_JAPAN,2024-12-27,1,69.14,0.0,Pending,Delivered,2025-01-01
ORD_01914,CUST_014,PROD_SPO_005,STORE_INDIA,2024-01-10,3,467.79,140.34,Completed,Delivered,2024-01-13
ORD_01915,CUST_044,PROD_TOY_001,STORE_UK,2025-01-12,2,107.16,42.86,Pending,Delivered,2025-01-17
ORD_01916,CUST_004,PROD_CLO_004,STORE_AUSTRALIA,2024-10-10,5,198.66,0.0,Completed,Cancelled,
ORD_01917,CUST_088,PROD_TOY_002,STORE_UK,2024-12-24,2,213.97,85.59,Completed,Delivered,2024-12-29
ORD_01918,CUST_041,PROD_HOM_005,STORE_GERMANY,2023-07-20,2,437.26,43.73,Failed,Cancelled,
ORD_01919,CUST_098,PROD_TOY_005,STORE_BRAZIL,2024-12-11,1,238.91,0.0,Completed,Delivered,2024-12-13
ORD_01920,CUST_002,PROD_BEA_004,STORE_JAPAN,2023-06-09,1,329.54,16.48,Completed,Cancelled,
ORD_01921,CUST_020,PROD_CLO_004,STORE_FRANCE,2023-05-15,1,198.66,39.73,Completed,Processing,
ORD_01922,CUST_058,PROD_SPO_001,STORE_JAPAN,2025-02-26,1,496.65,24.83,Completed,Delivered,2025-03-04
ORD_01923,CUST_021,PROD_BOO_005,STORE_UK,2024-05-07,1,48.66,9.73,Failed,Cancelled,
ORD_01924,CUST_053,PROD_CLO_001,STORE_BRAZIL,2024-09-24,5,434.38,217.19,Completed,Cancelled,
ORD_01925,CUST_032,PROD_BOO_003,STORE_UK,2024-06-06,1,368.19,0.0,Completed,Shipped,2024-06-11
ORD_01926,CUST_049,PROD_SPO_001,STORE_UK,2023-03-29,3,496.65,74.5,Pending,Processing,
ORD_01927,CUST_074,PROD_CLO_002,STORE_INDIA,2023-03-29,2,194.17,77.67,Completed,Delivered,2023-03-31
ORD_01928,CUST_048,PROD_BEA_005,STORE_UK,2023-07-25,3,149.64,22.45,Pending,Delivered,2023-07-27
ORD_01929,CUST_086,PROD_CLO_003,STORE_JAPAN,2024-01-02,5,322.33,0.0,Completed,Processing,
ORD_01930,CUST_064,PROD_BEA_002,STORE_MEXICO,2024-11-02,2,373.48,0.0,Completed,Delivered,2024-11-05
ORD_01931,CUST_066,PROD_ELE_003,STORE_BRAZIL,2023-04-02,2,134.37,13.44,Completed,Delivered,2023-04-09
ORD_01932,CUST_031,PROD_ELE_005,STORE_FRANCE,2024-06-10,2,431.77,43.18,Completed,Delivered,2024-06-17
ORD_01933,CUST_098,PROD_HOM_005,STORE_CANADA,2024-02-12,3,437.26,0.0,Completed,Processing,
ORD_01934,CUST_002,PROD_TOY_002,STORE_USA,2024-01-12,2,213.97,0.0,Pending,Shipped,2024-01-17
ORD_01935,CUST_005,PROD_ELE_003,STORE_AUSTRALIA,2024-02-15,1,134.37,26.87,Pending,Shipped,2024-02-22
ORD_01936,CUST_044,PROD_BOO_004,STORE_JAPAN,2023-12-01,3,156.9,0.0,Pending,Delivered,2023-12-05
ORD_01937,CUST_011,PROD_HOM_004,STORE_CANADA,2025-01-19,1,385.66,77.13,Completed,Delivered,2025-01-22
ORD_01938,CUST_098,PROD_BOO_002,STORE_GERMANY,2023-05-24,1,198.88,9.94,Completed,Delivered,2023-05-30
ORD_01939,CUST_031,PROD_BOO_001,STORE_CANADA,2023-03-18,5,149.49,0.0,Completed,Processing,
ORD_01940,CUST_010,PROD_BOO_005,STORE_MEXICO,2024-12-09,2,48.66,4.87,Completed,Processing,
ORD_01941,CUST_016,PROD_BEA_004,STORE_UK,2023-09-29,5,329.54,0.0,Completed,Delivered,2023-10-06
ORD_01942,CUST_012,PROD_BEA_001,STORE_AUSTRALIA,2025-02-08,1,373.91,0.0,Completed,Cancelled,
ORD_01943,CUST_011,PROD_GRO_005,STORE_JAPAN,2024-12-08,3,260.71,0.0,Pending,Delivered,2024-12-15
ORD_01944,CUST_064,PROD_TOY_004,STORE_UK,2024-07-01,1,107.06,21.41,Completed,Shipped,2024-07-04
ORD_01945,CUST_065,PROD_BEA_001,STORE_CANADA,2023-09-05,1,373.91,18.7,Completed,Processing,
ORD_01946,CUST_074,PROD_CLO_003,STORE_CANADA,2025-02-25,1,322.33,0.0,Completed,Delivered,2025-02-28
ORD_01947,CUST_021,PROD_HOM_001,STORE_MEXICO,2024-01-06,3,476.49,142.95,Failed,Cancelled,
ORD_01948,CUST_082,PROD_ELE_004,STORE_GERMANY,2024-05-18,1,121.15,6.06,Completed,Processing,
ORD_01949,CUST_001,PROD_ELE_002,STORE_FRANCE,2023-08-21,1,256.63,0.0,Completed,Shipped,2023-08-25
ORD_01950,CUST_094,PROD_BEA_004,STORE_MEXICO,2024-05-22,1,329.54,32.95,Completed,Cancelled,
ORD_01951,CUST_087,PROD_BOO_001,STORE_JAPAN,2024-10-31,1,149.49,29.9,Completed,Processing,
ORD_01952,CUST_034,PROD_GRO_001,STORE_INDIA,2024-03-09,5,199.7,99.85,Completed,Shipped,2024-03-13
ORD_01953,CUST_098,PROD_SPO_002,STORE_JAPAN,2024-09-18,5,123.75,0.0,Completed,Processing,
ORD_01954,CUST_022,PROD_BEA_003,STORE_JAPAN,2024-05-01,2,60.35,12.07,Completed,Shipped,2024-05-06
ORD_01955,CUST_060,PROD_HOM_004,STORE_UK,2023-08-01,5,385.66,192.83,Pending,Delivered,2023-08-04
ORD_01956,CUST_041,PROD_GRO_005,STORE_UK,2024-04-21,1,260.71,0.0,Pending,Cancelled,
ORD_01957,CUST_023,PROD_BOO_005,STORE_MEXICO,2023-09-13,1,48.66,0.0,Completed,Shipped,2023-09-18
ORD_01958,CUST_020,PROD_ELE_003,STORE_JAPAN,2023-09-27,1,134.37,13.44,Pending,Delivered,2023-10-01
ORD_01959,CUST_071,PROD_ELE_003,STORE_GERMANY,2023-09-19,2,134.37,53.75,Pending,Shipped,2023-09-24
ORD_01960,CUST_021,PROD_SPO_002,STORE_USA,2024-03-04,1,123.75,0.0,Completed,Cancelled,
ORD_01961,CUST_062,PROD_TOY_004,STORE_FRANCE,2023-07-31,1,107.06,21.41,Pending,Delivered,2023-08-05
ORD_01962,CUST_063,PROD_BEA_001,STORE_FRANCE,2024-12-14,1,373.91,18.7,Completed,Cancelled,
ORD_01963,CUST_080,PROD_HOM_003,STORE_MEXICO,2023-07-11,3,439.96,0.0,Failed,Cancelled,
ORD_01964,CUST_037,PROD_GRO_002,STORE_JAPAN,2025-02-11,1,363.83,18.19,Failed,Cancelled,
ORD_01965,CUST_061,PROD_BEA_005,STORE_USA,2024-06-08,1,149.64,14.96,Completed,Delivered,2024-06-12
ORD_01966,CUST_089,PROD_CLO_005,STORE_JAPAN,2024-12-17,2,125.86,12.59,Failed,Cancelled,
ORD_01967,CUST_044,PROD_TOY_002,STORE_JAPAN,2025-02-21,1,213.97,0.0,Completed,Cancelled,
ORD_01968,CUST_074,PROD_CLO_005,STORE_MEXICO,2024-11-22,1,125.86,0.0,Pending,Processing,
ORD_01969,CUST_061,PROD_BEA_002,STORE_JAPAN,2024-08-13,1,373.48,37.35,Completed,Processing,
ORD_01970,CUST_042,PROD_BOO_001,STORE_BRAZIL,2024-07-23,2,149.49,59.8,Completed,Delivered,2024-07-28
ORD_01971,CUST_050,PROD_CLO_003,STORE_FRANCE,2025-03-06,1,322.33,16.12,Completed,Shipped,2025-03-09
ORD_01972,CUST_029,PROD_BEA_001,STORE_JAPAN,2024-03-07,3,373.91,112.17,Failed,Cancelled,
ORD_01973,CUST_019,PROD_ELE_003,STORE_JAPAN,2024-07-17,1,134.37,26.87,Failed,Cancelled,
ORD_01974,CUST_026,PROD_CLO_003,STORE_MEXICO,2024-11-17,1,322.33,16.12,Completed,Cancelled,
ORD_01975,CUST_025,PROD_SPO_004,STORE_BRAZIL,2023-12-23,1,49.29,4.93,Pending,Cancelled,
ORD_01976,CUST_002,PROD_ELE_005,STORE_FRANCE,2023-10-04,1,431.77,21.59,Completed,Delivered,2023-10-11
ORD_01977,CUST_083,PROD_HOM_002,STORE_CANADA,2024-03-20,2,69.14,0.0,Pending,Cancelled,
ORD_01978,CUST_049,PROD_TOY_001,STORE_UK,2024-11-06,2,107.16,10.72,Completed,Delivered,2024-11-11
ORD_01979,CUST_036,PROD_CLO_003,STORE_MEXICO,2024-06-15,1,322.33,0.0,Failed,Cancelled,
ORD_01980,CUST_017,PROD_GRO_001,STORE_USA,2023-07-13,1,199.7,9.98,Failed,Cancelled,
ORD_01981,CUST_062,PROD_GRO_004,STORE_UK,2024-01-25,5,383.79,191.9,Failed,Cancelled,
ORD_01982,CUST_004,PROD_HOM_003,STORE_JAPAN,2024-04-17,1,439.96,22.0,Failed,Cancelled,
ORD_01983,CUST_098,PROD_BEA_003,STORE_FRANCE,2024-02-03,3,60.35,36.21,Completed,Processing,
ORD_01984,CUST_008,PROD_BOO_004,STORE_INDIA,2023-05-13,1,156.9,0.0,Completed,Delivered,2023-05-19
ORD_01985,CUST_021,PROD_ELE_001,STORE_CANADA,2024-03-11,1,47.04,2.35,Completed,Shipped,2024-03-15
ORD_01986,CUST_097,PROD_BEA_005,STORE_INDIA,2024-04-22,3,149.64,0.0,Failed,Cancelled,
ORD_01987,CUST_054,PROD_HOM_001,STORE_UK,2024-09-20,1,476.49,0.0,Pending,Delivered,2024-09-22
ORD_01988,CUST_098,PROD_ELE_002,STORE_GERMANY,2023-11-09,1,256.63,51.33,Completed,Delivered,2023-11-16
ORD_01989,CUST_090,PROD_CLO_005,STORE_INDIA,2023-04-21,1,125.86,0.0,Completed,Delivered,2023-04-24
ORD_01990,CUST_065,PROD_GRO_001,STORE_JAPAN,2024-04-08,5,199.7,99.85,Completed,Processing,
ORD_01991,CUST_098,PROD_ELE_004,STORE_INDIA,2023-04-02,5,121.15,60.58,Failed,Cancelled,
ORD_01992,CUST_009,PROD_BEA_003,STORE_GERMANY,2024-11-01,1,60.35,0.0,Completed,Processing,
ORD_01993,CUST_063,PROD_BEA_001,STORE_JAPAN,2025-02-24,1,373.91,74.78,Completed,Processing,
ORD_01994,CUST_022,PROD_HOM_001,STORE_GERMANY,2023-08-11,3,476.49,0.0,Failed,Cancelled,
ORD_01995,CUST_037,PROD_ELE_003,STORE_BRAZIL,2024-03-26,3,134.37,40.31,Completed,Delivered,2024-04-01
ORD_01996,CUST_033,PROD_GRO_002,STORE_GERMANY,2024-02-06,1,363.83,36.38,Completed,Cancelled,
ORD_01997,CUST_037,PROD_HOM_004,STORE_USA,2024-06-07,3,385.66,231.4,Pending,Delivered,2024-06-10
ORD_01998,CUST_015,PROD_BEA_003,STORE_AUSTRALIA,2023-06-26,5,60.35,0.0,Completed,Processing,
ORD_01999,CUST_095,PROD_ELE_005,STORE_GERMANY,2024-11-05,1,431.77,21.59,Pending,Delivered,2024-11-12
ORD_02000,CUST_081,PROD_CLO_005,STORE_MEXICO,2023-11-22,1,125.86,25.17,Completed,Delivered,2023-11-24
